0.000000000000000000e+00,0.000000000000000000e+00,7.496627431063286476e-04,0.000000000000000000e+00,4.685868217852695077e-225,5.205058146348826714e-02,0.000000000000000000e+00,3.616042053821006547e-02,3.062575559419226760e-03,0.000000000000000000e+00,8.637565513428375615e-52,3.464076910898604336e-03,0.000000000000000000e+00,0.000000000000000000e+00,1.936503028155903833e-04,0.000000000000000000e+00,1.712687711238693655e-03,0.000000000000000000e+00,1.375296529467276859e-05,0.000000000000000000e+00,6.896981511530870558e-03,1.691662725102331070e-03,0.000000000000000000e+00,7.371595835631322702e-01,0.000000000000000000e+00,9.171493199528264750e-02,0.000000000000000000e+00,0.000000000000000000e+00,0.000000000000000000e+00,0.000000000000000000e+00,0.000000000000000000e+00,1.319918112944573835e-03,6.700278130684655997e-06,0.000000000000000000e+00,6.905678970931381465e-03,3.540385489715888832e-146,0.000000000000000000e+00,0.000000000000000000e+00,4.110668079783372955e-79,2.305327623561353404e-03,0.000000000000000000e+00,4.083709067776784791e-05,0.000000000000000000e+00,0.000000000000000000e+00,2.235421381593437487e-267,0.000000000000000000e+00,1.442138320792767331e-04,0.000000000000000000e+00,0.000000000000000000e+00,6.031285941365656391e-06,9.921156192323424966e-04,1.279915393333743322e-05,4.498363586990867385e-02,0.000000000000000000e+00,0.000000000000000000e+00,5.673123461345189883e-04,0.000000000000000000e+00,3.624422522775032466e-63,6.934347545146067578e-206,2.928044500261502451e-247,6.753718406363320684e-06,0.000000000000000000e+00,1.885296841461622233e-03,0.000000000000000000e+00,4.755456395764913924e-04,5.477265627560653875e-03,0.000000000000000000e+00
0.000000000000000000e+00,2.720054887398452926e-304,0.000000000000000000e+00,1.914066572787213081e-237,0.000000000000000000e+00,0.000000000000000000e+00,1.992662316675837995e-258,0.000000000000000000e+00,0.000000000000000000e+00,7.529937231064657780e-192,0.000000000000000000e+00,0.000000000000000000e+00,2.899335800833020474e-284,2.234103962377039232e-01,0.000000000000000000e+00,1.403683999606167456e-249,0.000000000000000000e+00,1.411946264649039482e-260,0.000000000000000000e+00,7.666869977169140649e-01,0.000000000000000000e+00,0.000000000000000000e+00,7.833209688352244925e-242,0.000000000000000000e+00,0.000000000000000000e+00,0.000000000000000000e+00,1.861371919225798084e-04,0.000000000000000000e+00,5.413477281482538385e-320,2.966311360813706291e-03,0.000000000000000000e+00,0.000000000000000000e+00,0.000000000000000000e+00,0.000000000000000000e+00,0.000000000000000000e+00,0.000000000000000000e+00,0.000000000000000000e+00,0.000000000000000000e+00,0.000000000000000000e+00,0.000000000000000000e+00,1.312316630044444121e-255,0.000000000000000000e+00,7.860067197385188482e-251,6.558018123205821941e-03,0.000000000000000000e+00,4.280051700206881377e-236,2.450378198811111760e-273,3.360509798894956194e-267,8.754035612970479311e-244,0.000000000000000000e+00,0.000000000000000000e+00,0.000000000000000000e+00,0.000000000000000000e+00,1.742531526276425809e-237,0.000000000000000000e+00,0.000000000000000000e+00,1.921393694399784174e-04,0.000000000000000000e+00,0.000000000000000000e+00,0.000000000000000000e+00,0.000000000000000000e+00,2.367518764604667310e-245,0.000000000000000000e+00,1.024776810043060939e-198,2.164595863193112724e-252,0.000000000000000000e+00,2.165872267868112830e-192
2.948702983008288632e-05,0.000000000000000000e+00,0.000000000000000000e+00,0.000000000000000000e+00,2.160220390948094270e-232,2.054150893402107437e-05,0.000000000000000000e+00,1.833466871054147823e-03,6.407617770645564724e-04,0.000000000000000000e+00,1.444420945666759103e-199,3.090537099031189931e-05,0.000000000000000000e+00,0.000000000000000000e+00,5.322265694151837425e-04,0.000000000000000000e+00,3.737809575828423495e-03,0.000000000000000000e+00,1.191600021349182026e-01,0.000000000000000000e+00,1.447460243906419173e-03,9.948432656614945684e-04,0.000000000000000000e+00,1.434748224221755759e-03,0.000000000000000000e+00,1.378751089492906423e-02,0.000000000000000000e+00,0.000000000000000000e+00,0.000000000000000000e+00,0.000000000000000000e+00,1.735715812221583357e-171,8.494776002824747652e-01,2.423969234020710444e-143,0.000000000000000000e+00,8.117708322448690086e-253,2.566546066073002504e-179,0.000000000000000000e+00,0.000000000000000000e+00,4.931549911090841669e-234,7.199696805004118889e-188,0.000000000000000000e+00,6.793783202539016975e-177,0.000000000000000000e+00,0.000000000000000000e+00,3.893506859845889747e-195,0.000000000000000000e+00,8.655879039947319207e-145,0.000000000000000000e+00,0.000000000000000000e+00,2.722453252284529737e-239,5.621884351268072323e-186,1.569338112671270612e-05,3.407048012368191301e-03,0.000000000000000000e+00,0.000000000000000000e+00,2.735815154904280315e-116,0.000000000000000000e+00,3.381598317977984209e-228,1.261808695215060330e-211,7.020221284027363012e-96,0.000000000000000000e+00,0.000000000000000000e+00,3.449894857276706445e-03,0.000000000000000000e+00,1.456730663736066502e-125,6.539408386137128783e-271,0.000000000000000000e+00
0.000000000000000000e+00,9.387963208821691087e-272,0.000000000000000000e+00,2.337866415671158012e-257,1.858046307020196647e-292,8.686611144916934245e-272,2.439560390955660937e-265,4.179971581728845235e-244,9.018157049139446371e-05,9.901178693009301609e-238,2.060754858676383278e-251,3.923165984508808315e-205,3.747493396151149689e-284,2.470328229206232721e-323,5.412917627687576419e-247,3.722208696911580255e-211,1.678721510703251216e-04,1.334178701484983212e-187,2.244342602798446552e-318,0.000000000000000000e+00,2.296452033891719765e-183,1.446133124868140473e-284,1.055032205802901931e-222,8.894945048762827131e-05,0.000000000000000000e+00,4.385411402232381766e-224,2.767832915759694330e-04,0.000000000000000000e+00,1.723731153141558432e-254,1.839683323516432337e-04,2.563715569187604293e-250,6.324341191073756590e-31,8.944358308626982332e-05,0.000000000000000000e+00,2.610350784727932187e-11,4.601394820642090701e-268,1.907386435115079813e-244,0.000000000000000000e+00,4.432659820153765252e-285,1.114060288803433092e-255,2.732194541584430120e-283,3.316514237317548786e-226,4.257989845567233723e-280,7.941828306491233169e-04,0.000000000000000000e+00,2.338075065621066007e-281,9.977073232881749076e-01,1.290924877147728537e-306,3.431165957271579308e-186,0.000000000000000000e+00,6.012954760091754986e-04,1.553551190866542071e-241,1.024869896820434996e-47,6.163099107874277849e-248,0.000000000000000000e+00,0.000000000000000000e+00,3.247187772364498200e-280,3.258970555028771066e-314,1.788706784940712757e-261,0.000000000000000000e+00,0.000000000000000000e+00,7.639761042080612521e-261,3.120616673178282064e-251,4.884103207958513703e-233,2.601090533601609746e-153,2.049283009703936305e-306,1.106731087604951462e-189
0.000000000000000000e+00,1.252717843020501260e-03,0.000000000000000000e+00,2.045878623226076347e-21,0.000000000000000000e+00,0.000000000000000000e+00,2.710190946707593737e-02,0.000000000000000000e+00,0.000000000000000000e+00,8.699994253001362980e-05,0.000000000000000000e+00,0.000000000000000000e+00,4.662207489848137367e-05,2.290666584481814211e-06,0.000000000000000000e+00,1.520855673368176262e-04,0.000000000000000000e+00,6.543156087474036320e-03,0.000000000000000000e+00,0.000000000000000000e+00,0.000000000000000000e+00,0.000000000000000000e+00,3.286572176319009253e-05,0.000000000000000000e+00,0.000000000000000000e+00,0.000000000000000000e+00,2.240856958400115671e-04,0.000000000000000000e+00,1.343945963027322853e-03,9.140688529748844946e-04,0.000000000000000000e+00,0.000000000000000000e+00,0.000000000000000000e+00,0.000000000000000000e+00,0.000000000000000000e+00,0.000000000000000000e+00,8.936274368511213218e-288,0.000000000000000000e+00,0.000000000000000000e+00,0.000000000000000000e+00,3.670421138521531151e-04,0.000000000000000000e+00,1.755104615898348333e-03,9.249478296229071139e-01,0.000000000000000000e+00,1.246875277586690775e-74,2.682123172015951087e-04,5.529773977783057653e-05,2.290370825583425488e-02,0.000000000000000000e+00,0.000000000000000000e+00,0.000000000000000000e+00,0.000000000000000000e+00,1.094554581953498679e-04,0.000000000000000000e+00,0.000000000000000000e+00,5.030191248562734894e-04,0.000000000000000000e+00,0.000000000000000000e+00,0.000000000000000000e+00,0.000000000000000000e+00,8.422600035875410854e-03,0.000000000000000000e+00,2.537740222475411167e-04,2.712867456151909530e-03,0.000000000000000000e+00,3.413546765654976626e-07
7.240517292913057482e-06,0.000000000000000000e+00,0.000000000000000000e+00,0.000000000000000000e+00,1.088107043299636756e-02,2.963222329261915857e-04,0.000000000000000000e+00,1.408247772301373432e-25,1.112939113316185891e-02,0.000000000000000000e+00,2.351584002901387077e-217,1.229761884213302564e-66,0.000000000000000000e+00,0.000000000000000000e+00,1.142496005003874708e-03,0.000000000000000000e+00,3.880778097862799814e-01,0.000000000000000000e+00,5.144240843620690676e-04,0.000000000000000000e+00,3.235411426191460160e-01,3.274753357399404906e-06,0.000000000000000000e+00,5.283895543146044024e-03,0.000000000000000000e+00,7.764780716106540758e-07,0.000000000000000000e+00,0.000000000000000000e+00,0.000000000000000000e+00,0.000000000000000000e+00,3.621132542135690480e-06,1.561119621213519345e-03,1.856562548713230551e-02,1.882988921910559114e-03,1.196783285167747363e-03,2.542087070300028118e-02,0.000000000000000000e+00,0.000000000000000000e+00,6.122909854713891832e-263,6.630422628633860643e-03,0.000000000000000000e+00,1.187721332299462775e-03,0.000000000000000000e+00,0.000000000000000000e+00,3.353180351259896298e-289,0.000000000000000000e+00,4.867083196224239081e-05,0.000000000000000000e+00,0.000000000000000000e+00,3.367443272654315507e-131,2.349890332151445549e-02,4.176627738279051205e-03,1.539099619466522371e-02,0.000000000000000000e+00,0.000000000000000000e+00,0.000000000000000000e+00,0.000000000000000000e+00,1.194868477093176407e-291,3.353168734017649300e-03,2.027834223595986838e-04,0.000000000000000000e+00,0.000000000000000000e+00,1.285152311647071166e-01,0.000000000000000000e+00,2.748662189485056445e-02,1.615514899658923842e-311,0.000000000000000000e+00
0.000000000000000000e+00,0.000000000000000000e+00,0.000000000000000000e+00,0.000000000000000000e+00,3.730007642493233734e-310,3.984774751903922760e-03,0.000000000000000000e+00,1.272777690829560935e-267,3.772816588098036283e-122,0.000000000000000000e+00,1.411931824199355063e-256,5.371646632599743044e-142,0.000000000000000000e+00,0.000000000000000000e+00,1.201884124971069878e-265,0.000000000000000000e+00,2.377430531431843827e-04,0.000000000000000000e+00,0.000000000000000000e+00,0.000000000000000000e+00,2.729542403731226516e-145,8.129990516961130798e-317,0.000000000000000000e+00,3.436262578920842340e-149,0.000000000000000000e+00,6.612951173398068663e-186,0.000000000000000000e+00,0.000000000000000000e+00,0.000000000000000000e+00,0.000000000000000000e+00,8.097980789498380473e-276,2.365966393112307918e-308,7.823268661257536821e-05,0.000000000000000000e+00,9.577115613518504253e-210,8.668476898402676541e-274,0.000000000000000000e+00,0.000000000000000000e+00,2.223295406285609449e-322,8.701936139833883404e-263,0.000000000000000000e+00,2.287586751348276808e-222,0.000000000000000000e+00,0.000000000000000000e+00,7.490714547629231390e-01,0.000000000000000000e+00,5.528034679948742305e-04,0.000000000000000000e+00,0.000000000000000000e+00,2.149017535025315451e-01,2.262665307716288030e-02,8.362187782533239688e-03,1.843969151946428357e-04,0.000000000000000000e+00,0.000000000000000000e+00,0.000000000000000000e+00,0.000000000000000000e+00,0.000000000000000000e+00,1.563944247823215717e-252,0.000000000000000000e+00,0.000000000000000000e+00,0.000000000000000000e+00,5.102281530295434023e-284,0.000000000000000000e+00,1.401004438940753031e-274,0.000000000000000000e+00,0.000000000000000000e+00
0.000000000000000000e+00,5.916656292994908771e-195,0.000000000000000000e+00,1.244032702238511909e-02,0.000000000000000000e+00,0.000000000000000000e+00,6.222650611924476077e-03,0.000000000000000000e+00,0.000000000000000000e+00,3.533799885937495794e-04,0.000000000000000000e+00,0.000000000000000000e+00,7.723437924376662551e-03,8.695173122670052932e-05,0.000000000000000000e+00,4.356479530091599862e-03,0.000000000000000000e+00,1.925598884534694688e-01,0.000000000000000000e+00,5.143546946184828316e-06,0.000000000000000000e+00,0.000000000000000000e+00,6.471644940598590906e-04,0.000000000000000000e+00,5.417460860396068438e-03,0.000000000000000000e+00,4.777528308730556381e-03,7.534716078436813330e-06,4.035023597038787004e-236,7.199391846263856164e-03,0.000000000000000000e+00,0.000000000000000000e+00,0.000000000000000000e+00,0.000000000000000000e+00,0.000000000000000000e+00,0.000000000000000000e+00,1.154322265408394054e-107,7.455346613408716126e-26,0.000000000000000000e+00,0.000000000000000000e+00,1.209354249952422980e-02,0.000000000000000000e+00,1.059596547756161064e-02,1.837676659953522279e-02,0.000000000000000000e+00,7.862618758888750836e-02,4.368448698297448330e-04,2.227763004729028593e-03,1.721584821297156547e-03,0.000000000000000000e+00,0.000000000000000000e+00,0.000000000000000000e+00,0.000000000000000000e+00,9.620387409710350057e-03,0.000000000000000000e+00,0.000000000000000000e+00,5.103032965715315061e-01,0.000000000000000000e+00,0.000000000000000000e+00,0.000000000000000000e+00,0.000000000000000000e+00,8.760362494757117924e-02,0.000000000000000000e+00,2.421296054817704060e-02,1.540526361403873152e-03,0.000000000000000000e+00,8.432102656989250459e-04
0.000000000000000000e+00,2.013848325992315044e-315,0.000000000000000000e+00,7.017599444226658729e-04,0.000000000000000000e+00,0.000000000000000000e+00,1.823912564336112254e-04,0.000000000000000000e+00,0.000000000000000000e+00,4.104967955285788862e-51,0.000000000000000000e+00,0.000000000000000000e+00,3.804035279733823011e-244,2.708138009638691296e-145,0.000000000000000000e+00,7.024262709162107668e-06,0.000000000000000000e+00,1.110626040873470892e-138,0.000000000000000000e+00,1.284026364217865461e-76,0.000000000000000000e+00,0.000000000000000000e+00,3.433818067525325874e-04,0.000000000000000000e+00,0.000000000000000000e+00,0.000000000000000000e+00,2.797601231313159853e-01,0.000000000000000000e+00,2.964393875047479265e-323,7.079611038963987690e-01,0.000000000000000000e+00,2.944263525516850738e-257,0.000000000000000000e+00,0.000000000000000000e+00,0.000000000000000000e+00,0.000000000000000000e+00,0.000000000000000000e+00,1.045671616968861272e-210,0.000000000000000000e+00,0.000000000000000000e+00,1.080948132048190459e-140,0.000000000000000000e+00,2.337845696299963667e-04,2.102770548779483561e-03,0.000000000000000000e+00,4.351000486699993508e-03,4.450210388377450117e-04,7.080740799624508188e-06,2.455797186280922560e-04,0.000000000000000000e+00,0.000000000000000000e+00,0.000000000000000000e+00,0.000000000000000000e+00,8.833870081504052300e-125,0.000000000000000000e+00,0.000000000000000000e+00,1.426069396589708851e-03,0.000000000000000000e+00,0.000000000000000000e+00,0.000000000000000000e+00,0.000000000000000000e+00,5.714228451426783394e-05,0.000000000000000000e+00,1.784191775826784402e-03,1.634786371042510787e-04,0.000000000000000000e+00,2.280965045574101003e-04
0.000000000000000000e+00,0.000000000000000000e+00,0.000000000000000000e+00,0.000000000000000000e+00,1.219279210070686689e-05,2.579242718983756465e-04,0.000000000000000000e+00,6.966384913642824535e-04,9.699449280512460747e-02,0.000000000000000000e+00,1.275159880743379805e-04,3.992319517001557619e-05,0.000000000000000000e+00,0.000000000000000000e+00,1.216136059812460146e-02,0.000000000000000000e+00,7.611849860684320214e-03,0.000000000000000000e+00,3.922165701230185381e-04,0.000000000000000000e+00,2.123186445239951675e-03,1.033324194278310956e-04,0.000000000000000000e+00,1.550403008153593103e-02,0.000000000000000000e+00,4.484270299547107983e-04,0.000000000000000000e+00,0.000000000000000000e+00,0.000000000000000000e+00,0.000000000000000000e+00,5.298950399760062519e-82,8.886843286622210731e-04,1.294700438902905368e-04,2.298226520380595997e-184,1.386572291887575146e-179,4.280877639640619432e-04,0.000000000000000000e+00,0.000000000000000000e+00,7.152849956044896431e-04,1.717961085971465474e-05,0.000000000000000000e+00,4.608420222233245052e-03,0.000000000000000000e+00,0.000000000000000000e+00,1.528544673003627198e-12,0.000000000000000000e+00,3.692102654805184524e-04,0.000000000000000000e+00,0.000000000000000000e+00,2.708812508927908066e-04,3.656103993718545537e-49,8.750162615356007701e-36,8.554014306140673707e-01,0.000000000000000000e+00,0.000000000000000000e+00,0.000000000000000000e+00,0.000000000000000000e+00,3.785630895956908795e-05,8.039849352945206519e-92,4.708506036274965227e-228,1.599188370527660355e-265,0.000000000000000000e+00,6.604040450345543883e-04,0.000000000000000000e+00,2.122126616788679947e-22,1.021581475021832138e-47,0.000000000000000000e+00
