3.003856408967946268e-90,0.000000000000000000e+00,0.000000000000000000e+00,0.000000000000000000e+00,2.217060895663823068e-154,1.326342645434847785e-210,0.000000000000000000e+00,0.000000000000000000e+00,1.462535740458946003e-256,0.000000000000000000e+00,1.595147751464154891e-158,1.807158669577644292e-298,0.000000000000000000e+00,0.000000000000000000e+00,0.000000000000000000e+00,2.510201661559187955e-04,1.467246156641237935e-225,0.000000000000000000e+00,9.792600184560402710e-01,9.963496848634708150e-03,0.000000000000000000e+00,0.000000000000000000e+00,1.052546452916910610e-02,0.000000000000000000e+00
9.473056904578205540e-20,0.000000000000000000e+00,0.000000000000000000e+00,5.419090391966803053e-266,0.000000000000000000e+00,9.956692966477992233e-302,0.000000000000000000e+00,0.000000000000000000e+00,2.618433570350457273e-04,0.000000000000000000e+00,0.000000000000000000e+00,9.985177058161608388e-01,0.000000000000000000e+00,0.000000000000000000e+00,0.000000000000000000e+00,1.584368903826448263e-291,4.175334023563212569e-82,1.220450826804081240e-03,0.000000000000000000e+00,0.000000000000000000e+00,0.000000000000000000e+00,0.000000000000000000e+00,0.000000000000000000e+00,0.000000000000000000e+00
0.000000000000000000e+00,6.972294110860441678e-04,5.861886608688356698e-63,8.415462492709890728e-06,4.864791328789912383e-208,1.729821725036102213e-03,5.065061088577121701e-83,0.000000000000000000e+00,6.612085951475262478e-04,0.000000000000000000e+00,4.815973581880523136e-172,0.000000000000000000e+00,0.000000000000000000e+00,0.000000000000000000e+00,0.000000000000000000e+00,2.434287524630944250e-04,1.261085369766815371e-04,0.000000000000000000e+00,0.000000000000000000e+00,0.000000000000000000e+00,4.086299278512099502e-03,0.000000000000000000e+00,5.539977769284242393e-04,9.918934904613573300e-01
0.000000000000000000e+00,0.000000000000000000e+00,4.040616131048534510e-46,6.336875198657240245e-203,0.000000000000000000e+00,0.000000000000000000e+00,0.000000000000000000e+00,0.000000000000000000e+00,1.806115200173035763e-03,1.910078961486030499e-02,0.000000000000000000e+00,0.000000000000000000e+00,1.639084013104148910e-232,8.885574705148504074e-03,1.953858779182023313e-03,0.000000000000000000e+00,0.000000000000000000e+00,0.000000000000000000e+00,0.000000000000000000e+00,0.000000000000000000e+00,0.000000000000000000e+00,9.682536617006362034e-01,0.000000000000000000e+00,0.000000000000000000e+00
0.000000000000000000e+00,6.305887632674577183e-298,0.000000000000000000e+00,8.724211174264731477e-320,7.287160698141850368e-189,1.163727877017021573e-05,7.489628964567728857e-309,0.000000000000000000e+00,2.834797588623790780e-04,0.000000000000000000e+00,9.971202202351633348e-01,0.000000000000000000e+00,0.000000000000000000e+00,0.000000000000000000e+00,0.000000000000000000e+00,4.032902167185097227e-07,2.168009717483447683e-06,2.118869277915586055e-223,0.000000000000000000e+00,1.316468153955501451e-05,0.000000000000000000e+00,0.000000000000000000e+00,2.568926745730368104e-03,0.000000000000000000e+00
0.000000000000000000e+00,0.000000000000000000e+00,0.000000000000000000e+00,0.000000000000000000e+00,0.000000000000000000e+00,0.000000000000000000e+00,1.870075570102025520e-02,9.149511593611284743e-01,0.000000000000000000e+00,0.000000000000000000e+00,0.000000000000000000e+00,0.000000000000000000e+00,6.483384153806825978e-02,1.514243399782967551e-03,0.000000000000000000e+00,0.000000000000000000e+00,0.000000000000000000e+00,0.000000000000000000e+00,0.000000000000000000e+00,0.000000000000000000e+00,0.000000000000000000e+00,0.000000000000000000e+00,0.000000000000000000e+00,0.000000000000000000e+00
1.124664575432060805e-19,5.303374094187764842e-05,0.000000000000000000e+00,5.257657137481254274e-296,1.209164611304294062e-03,1.984614196198587321e-03,0.000000000000000000e+00,0.000000000000000000e+00,9.215608865618435290e-319,0.000000000000000000e+00,9.847032842850812093e-188,2.652493706155924944e-233,0.000000000000000000e+00,0.000000000000000000e+00,0.000000000000000000e+00,9.711965256119713397e-01,1.296029649725558702e-02,0.000000000000000000e+00,6.551831516719410571e-05,7.391827793971020993e-04,0.000000000000000000e+00,0.000000000000000000e+00,1.179166424776399193e-02,5.812118225945086424e-206
0.000000000000000000e+00,0.000000000000000000e+00,5.290977511058808056e-40,0.000000000000000000e+00,0.000000000000000000e+00,0.000000000000000000e+00,5.346924711607380233e-164,0.000000000000000000e+00,1.077249013863363540e-03,2.466085103410070784e-04,0.000000000000000000e+00,0.000000000000000000e+00,3.063521322103845950e-139,1.377719906442699364e-02,1.659705287302436910e-02,0.000000000000000000e+00,0.000000000000000000e+00,0.000000000000000000e+00,0.000000000000000000e+00,0.000000000000000000e+00,0.000000000000000000e+00,9.683018905383443675e-01,0.000000000000000000e+00,0.000000000000000000e+00
0.000000000000000000e+00,0.000000000000000000e+00,0.000000000000000000e+00,6.421838956976386671e-164,4.237171885345859510e-172,5.202047474653383879e-02,2.172350034956919628e-186,4.109393010403403823e-100,0.000000000000000000e+00,0.000000000000000000e+00,4.720414174628219344e-203,0.000000000000000000e+00,1.793547176043820354e-04,0.000000000000000000e+00,0.000000000000000000e+00,9.881700378040673803e-283,9.365581530499244023e-01,0.000000000000000000e+00,0.000000000000000000e+00,1.580594736014800808e-03,0.000000000000000000e+00,0.000000000000000000e+00,9.661422749922677147e-03,0.000000000000000000e+00
5.961591203105224429e-119,1.050488307354620387e-289,0.000000000000000000e+00,0.000000000000000000e+00,1.975637159327507278e-207,5.008347473178948955e-223,2.131401244341198144e-28,0.000000000000000000e+00,7.396322622308495846e-03,0.000000000000000000e+00,0.000000000000000000e+00,0.000000000000000000e+00,9.493326949837603039e-268,0.000000000000000000e+00,0.000000000000000000e+00,0.000000000000000000e+00,1.523656925025699454e-04,0.000000000000000000e+00,9.895914792463513798e-01,2.859832438837547550e-03,0.000000000000000000e+00,0.000000000000000000e+00,1.691428452639574136e-90,0.000000000000000000e+00
4.865613125081866112e-05,0.000000000000000000e+00,0.000000000000000000e+00,0.000000000000000000e+00,1.077607753910893244e-218,0.000000000000000000e+00,0.000000000000000000e+00,0.000000000000000000e+00,6.536830574558178822e-81,0.000000000000000000e+00,1.677177166273267924e-129,3.903655687612280865e-218,0.000000000000000000e+00,0.000000000000000000e+00,0.000000000000000000e+00,0.000000000000000000e+00,0.000000000000000000e+00,9.999513438687491762e-01,0.000000000000000000e+00,0.000000000000000000e+00,0.000000000000000000e+00,0.000000000000000000e+00,0.000000000000000000e+00,0.000000000000000000e+00
0.000000000000000000e+00,8.752768073818390518e-06,3.615452537717367544e-197,1.630962600897395421e-180,1.061957981957203417e-208,1.702807406011024689e-03,1.674430381739580023e-03,0.000000000000000000e+00,2.347667138650488007e-175,0.000000000000000000e+00,3.491120163136446353e-01,1.204133819309484855e-251,1.268726230181154950e-246,0.000000000000000000e+00,0.000000000000000000e+00,5.904536349077582971e-03,6.134842246463628745e-01,0.000000000000000000e+00,8.522366419874782779e-06,1.160449542765892156e-03,3.503410903889342446e-116,0.000000000000000000e+00,2.674254449454639346e-02,2.017157313585022315e-04
1.472951295052139456e-131,8.316927884724393313e-255,0.000000000000000000e+00,4.001249274812183843e-208,2.654942438929450545e-169,9.634689219331133826e-132,8.131635237553755434e-05,0.000000000000000000e+00,6.825297234433536087e-02,0.000000000000000000e+00,5.298639620189433647e-230,5.780794042292779211e-03,0.000000000000000000e+00,0.000000000000000000e+00,0.000000000000000000e+00,3.162765071647698188e-262,9.828505011198402416e-04,9.248974994908318870e-01,0.000000000000000000e+00,0.000000000000000000e+00,7.108027846438466849e-84,4.567269044585287300e-06,4.373851800840959246e-97,0.000000000000000000e+00
0.000000000000000000e+00,8.432028502545899231e-278,1.304156019467440967e-108,1.275111156109964857e-208,0.000000000000000000e+00,0.000000000000000000e+00,5.534139927957029345e-03,1.031187108481774446e-242,6.968585496186392551e-03,1.214875698205137395e-03,0.000000000000000000e+00,5.671106003903182378e-308,3.673835180358845222e-160,8.827091427953903343e-05,1.755629458119547810e-04,0.000000000000000000e+00,0.000000000000000000e+00,0.000000000000000000e+00,0.000000000000000000e+00,0.000000000000000000e+00,0.000000000000000000e+00,9.860185650175600225e-01,0.000000000000000000e+00,0.000000000000000000e+00
1.428208566805850638e-05,3.119416723979926932e-265,0.000000000000000000e+00,0.000000000000000000e+00,2.581208399086233445e-03,1.927996971553382007e-05,1.064934757811390265e-04,3.586867158468426908e-312,3.237368630459380916e-114,0.000000000000000000e+00,1.982316955506880029e-240,0.000000000000000000e+00,1.466678807750047723e-242,0.000000000000000000e+00,0.000000000000000000e+00,1.161015494325399431e-04,7.342752255610512273e-04,6.919024812081618359e-06,2.915792005884628672e-03,9.935056482640587383e-01,0.000000000000000000e+00,0.000000000000000000e+00,2.226800897283000313e-172,0.000000000000000000e+00
0.000000000000000000e+00,1.155771460635355768e-130,0.000000000000000000e+00,0.000000000000000000e+00,7.913395657670061507e-52,2.374901883533108531e-244,0.000000000000000000e+00,0.000000000000000000e+00,2.690756051283314169e-04,0.000000000000000000e+00,8.880629013257893545e-256,0.000000000000000000e+00,0.000000000000000000e+00,0.000000000000000000e+00,0.000000000000000000e+00,8.831606507984361976e-01,1.078942841087999864e-02,0.000000000000000000e+00,0.000000000000000000e+00,0.000000000000000000e+00,2.921133037497882002e-315,0.000000000000000000e+00,1.053887298259997968e-01,3.921153595555894669e-04
0.000000000000000000e+00,0.000000000000000000e+00,9.685696908874190294e-113,0.000000000000000000e+00,0.000000000000000000e+00,0.000000000000000000e+00,7.221502999008136632e-175,0.000000000000000000e+00,1.687508795680083072e-04,5.774014328550429703e-05,0.000000000000000000e+00,0.000000000000000000e+00,8.539497126529235799e-162,4.132818651759300084e-03,4.242356854510953394e-03,0.000000000000000000e+00,0.000000000000000000e+00,0.000000000000000000e+00,0.000000000000000000e+00,0.000000000000000000e+00,0.000000000000000000e+00,9.913983334708762474e-01,0.000000000000000000e+00,0.000000000000000000e+00
0.000000000000000000e+00,4.791725520158585626e-03,2.993444351920293693e-269,4.083497501792424729e-04,0.000000000000000000e+00,0.000000000000000000e+00,3.560454977223909134e-02,9.555734439969262306e-01,0.000000000000000000e+00,0.000000000000000000e+00,0.000000000000000000e+00,0.000000000000000000e+00,3.621930960496850659e-03,0.000000000000000000e+00,0.000000000000000000e+00,0.000000000000000000e+00,1.117057084674845086e-267,0.000000000000000000e+00,0.000000000000000000e+00,0.000000000000000000e+00,0.000000000000000000e+00,0.000000000000000000e+00,0.000000000000000000e+00,0.000000000000000000e+00
0.000000000000000000e+00,0.000000000000000000e+00,9.951356294121562751e-01,3.006962571093161067e-318,0.000000000000000000e+00,0.000000000000000000e+00,3.500949166431073012e-320,1.946842396842341112e-04,1.155328046891629331e-318,1.017732112187424856e-03,0.000000000000000000e+00,0.000000000000000000e+00,4.385782317388723555e-04,1.150631567815669316e-03,5.883961925268244887e-04,0.000000000000000000e+00,0.000000000000000000e+00,0.000000000000000000e+00,0.000000000000000000e+00,0.000000000000000000e+00,0.000000000000000000e+00,1.474348243890664933e-03,0.000000000000000000e+00,0.000000000000000000e+00
4.628764672581259229e-105,0.000000000000000000e+00,0.000000000000000000e+00,1.502332608786837018e-97,6.983693795893948231e-278,6.592185388409190850e-04,0.000000000000000000e+00,0.000000000000000000e+00,5.572977130269970906e-194,0.000000000000000000e+00,0.000000000000000000e+00,8.254566513555413546e-04,0.000000000000000000e+00,0.000000000000000000e+00,0.000000000000000000e+00,1.111230194075302864e-03,9.974040946157282095e-01,7.065743663742165061e-139,4.258624146802613790e-242,0.000000000000000000e+00,0.000000000000000000e+00,0.000000000000000000e+00,4.451569170307903270e-198,0.000000000000000000e+00
0.000000000000000000e+00,0.000000000000000000e+00,1.568524102622893087e-286,2.889158817214897212e-304,0.000000000000000000e+00,0.000000000000000000e+00,0.000000000000000000e+00,0.000000000000000000e+00,0.000000000000000000e+00,0.000000000000000000e+00,0.000000000000000000e+00,0.000000000000000000e+00,0.000000000000000000e+00,3.389617440461155373e-02,6.357946882419526877e-271,4.681420500044420480e-02,1.107224549356109894e-01,1.776143184138287978e-01,0.000000000000000000e+00,2.110739865737860377e-01,3.585828617909215255e-01,2.325058105683525157e-81,0.000000000000000000e+00,6.129599888079683562e-02
0.000000000000000000e+00,0.000000000000000000e+00,1.192668063368178652e-256,0.000000000000000000e+00,0.000000000000000000e+00,0.000000000000000000e+00,2.593584589720236960e-05,0.000000000000000000e+00,9.992405678520166479e-01,2.814763165142986163e-145,0.000000000000000000e+00,9.648808358790530648e-06,1.869182286463163737e-288,6.911788000040725651e-05,1.204453357045731654e-04,0.000000000000000000e+00,0.000000000000000000e+00,6.017409052423990049e-209,0.000000000000000000e+00,0.000000000000000000e+00,2.167215080991766318e-05,4.984895928733899936e-04,0.000000000000000000e+00,1.412253433914242101e-05
0.000000000000000000e+00,0.000000000000000000e+00,0.000000000000000000e+00,0.000000000000000000e+00,3.851665188692017191e-04,1.001752542439094325e-312,0.000000000000000000e+00,0.000000000000000000e+00,3.953837699444337297e-127,0.000000000000000000e+00,0.000000000000000000e+00,0.000000000000000000e+00,0.000000000000000000e+00,0.000000000000000000e+00,0.000000000000000000e+00,0.000000000000000000e+00,5.293862598267508568e-05,0.000000000000000000e+00,7.578543078140144830e-04,9.988040405473340710e-01,0.000000000000000000e+00,0.000000000000000000e+00,5.394979650064331939e-68,0.000000000000000000e+00
0.000000000000000000e+00,4.754637062354221715e-06,0.000000000000000000e+00,4.943568274770291384e-162,1.396552880330670463e-04,9.834234092928408888e-01,0.000000000000000000e+00,0.000000000000000000e+00,4.845334150036328491e-05,0.000000000000000000e+00,2.081428798998313009e-03,0.000000000000000000e+00,0.000000000000000000e+00,0.000000000000000000e+00,0.000000000000000000e+00,3.370663949997923568e-05,2.204449183440678698e-03,0.000000000000000000e+00,6.884084316417091414e-249,4.829036393061687349e-04,2.320380145605012325e-316,0.000000000000000000e+00,1.155609289733614507e-02,2.514628198202997669e-05
4.776509694448864254e-245,0.000000000000000000e+00,0.000000000000000000e+00,3.973014055673887690e-225,0.000000000000000000e+00,0.000000000000000000e+00,0.000000000000000000e+00,0.000000000000000000e+00,4.860855039658615881e-04,0.000000000000000000e+00,1.442355351368982398e-160,3.264113078516107155e-04,0.000000000000000000e+00,0.000000000000000000e+00,0.000000000000000000e+00,0.000000000000000000e+00,0.000000000000000000e+00,9.991875031881825020e-01,0.000000000000000000e+00,0.000000000000000000e+00,0.000000000000000000e+00,0.000000000000000000e+00,0.000000000000000000e+00,0.000000000000000000e+00
0.000000000000000000e+00,0.000000000000000000e+00,3.105531689266483071e-262,1.599119069549649314e-06,0.000000000000000000e+00,0.000000000000000000e+00,1.942054525630786712e-284,0.000000000000000000e+00,1.529923313135598270e-03,4.592550476661015819e-04,0.000000000000000000e+00,0.000000000000000000e+00,9.818112946286878940e-187,9.002500102239565857e-03,1.076430313582778632e-03,0.000000000000000000e+00,0.000000000000000000e+00,0.000000000000000000e+00,0.000000000000000000e+00,0.000000000000000000e+00,0.000000000000000000e+00,9.879302921043064956e-01,0.000000000000000000e+00,0.000000000000000000e+00
6.417325454587613598e-265,0.000000000000000000e+00,0.000000000000000000e+00,2.771988721166375583e-280,9.275777828127895311e-223,6.736101870901322827e-03,4.866112187779252340e-251,0.000000000000000000e+00,1.976365671467089722e-03,0.000000000000000000e+00,5.361796208370827807e-03,4.729031962931396562e-05,0.000000000000000000e+00,0.000000000000000000e+00,0.000000000000000000e+00,9.440881351639946253e-03,4.248999120804411445e-03,1.097660091035891801e-03,2.201649861812323675e-04,2.723143127273790383e-03,6.351733022249352842e-232,0.000000000000000000e+00,9.681415592658115798e-01,6.037986884485691978e-06
0.000000000000000000e+00,9.292318332779620632e-03,8.039127054039391096e-01,0.000000000000000000e+00,0.000000000000000000e+00,0.000000000000000000e+00,2.806582600056949182e-03,1.544943274545577944e-320,7.876394943249889757e-03,2.176239170549979299e-02,0.000000000000000000e+00,0.000000000000000000e+00,1.041422170362769906e-01,5.878645983504919917e-04,4.512443323884134452e-03,0.000000000000000000e+00,0.000000000000000000e+00,0.000000000000000000e+00,0.000000000000000000e+00,0.000000000000000000e+00,9.969003053476263934e-03,2.326189031032620952e-02,0.000000000000000000e+00,1.187618869216056083e-02
0.000000000000000000e+00,4.644032689077482742e-05,4.799381743749910332e-266,1.124677122633597399e-06,0.000000000000000000e+00,0.000000000000000000e+00,1.214887844555421771e-04,0.000000000000000000e+00,5.353636710043657492e-04,0.000000000000000000e+00,0.000000000000000000e+00,0.000000000000000000e+00,0.000000000000000000e+00,0.000000000000000000e+00,0.000000000000000000e+00,0.000000000000000000e+00,0.000000000000000000e+00,1.399268554273107307e-111,0.000000000000000000e+00,3.523896615827395366e-04,9.964601924123654975e-01,0.000000000000000000e+00,0.000000000000000000e+00,2.483000466578466799e-03
0.000000000000000000e+00,1.151895834250830874e-05,0.000000000000000000e+00,0.000000000000000000e+00,1.699803104007216609e-141,9.861255015984782268e-01,2.408302140215893064e-04,0.000000000000000000e+00,1.164336330280132210e-03,0.000000000000000000e+00,2.284912951713602676e-284,2.578324260410218338e-06,0.000000000000000000e+00,0.000000000000000000e+00,0.000000000000000000e+00,5.252583931032578493e-05,3.414373436623329566e-03,0.000000000000000000e+00,0.000000000000000000e+00,0.000000000000000000e+00,4.905528131366904099e-286,0.000000000000000000e+00,8.981426987277843499e-03,6.908311405476875492e-06
2.947859906962521762e-151,0.000000000000000000e+00,0.000000000000000000e+00,4.551533452134301937e-209,1.756891713014517066e-04,9.545394938254232820e-13,0.000000000000000000e+00,0.000000000000000000e+00,2.008481981089345293e-04,0.000000000000000000e+00,1.274338497146454420e-245,4.532138146916809832e-104,0.000000000000000000e+00,0.000000000000000000e+00,0.000000000000000000e+00,9.332966464525335563e-04,9.872900027247214494e-01,0.000000000000000000e+00,4.189686742551892561e-04,1.352646203793747006e-04,0.000000000000000000e+00,0.000000000000000000e+00,1.084592996382648632e-02,0.000000000000000000e+00
1.100255436872071895e-257,0.000000000000000000e+00,0.000000000000000000e+00,0.000000000000000000e+00,2.520370652375404855e-197,7.379920998467732110e-265,1.251883296058384143e-318,0.000000000000000000e+00,0.000000000000000000e+00,0.000000000000000000e+00,1.070019862540129648e-290,0.000000000000000000e+00,0.000000000000000000e+00,0.000000000000000000e+00,0.000000000000000000e+00,1.501058343579782889e-266,2.737514650454673875e-04,0.000000000000000000e+00,1.211107622688532576e-03,9.984933463485820004e-01,0.000000000000000000e+00,0.000000000000000000e+00,2.179456368405668139e-05,0.000000000000000000e+00
0.000000000000000000e+00,0.000000000000000000e+00,3.581326223452997635e-221,9.371268470209950268e-257,0.000000000000000000e+00,6.404098664020071355e-318,0.000000000000000000e+00,1.726223967114170199e-01,0.000000000000000000e+00,0.000000000000000000e+00,0.000000000000000000e+00,0.000000000000000000e+00,0.000000000000000000e+00,4.579544091507108912e-199,1.338552769720753877e-01,0.000000000000000000e+00,1.655224815016583147e-03,0.000000000000000000e+00,0.000000000000000000e+00,0.000000000000000000e+00,0.000000000000000000e+00,6.918671015014909997e-01,0.000000000000000000e+00,0.000000000000000000e+00
0.000000000000000000e+00,0.000000000000000000e+00,7.358868254566044328e-38,0.000000000000000000e+00,0.000000000000000000e+00,0.000000000000000000e+00,4.744482986451858735e-276,0.000000000000000000e+00,7.781905127080702977e-02,7.681849801399032347e-03,0.000000000000000000e+00,0.000000000000000000e+00,8.151550296048885869e-02,3.713209449281192846e-03,7.893913024174222803e-01,0.000000000000000000e+00,0.000000000000000000e+00,0.000000000000000000e+00,0.000000000000000000e+00,0.000000000000000000e+00,0.000000000000000000e+00,3.987908410060160558e-02,0.000000000000000000e+00,0.000000000000000000e+00
0.000000000000000000e+00,1.907603956171999120e-03,5.660021522438912096e-06,3.104741845225656664e-04,0.000000000000000000e+00,0.000000000000000000e+00,2.422744433148704137e-04,1.068645843176231077e-05,2.427703558604060816e-03,0.000000000000000000e+00,0.000000000000000000e+00,0.000000000000000000e+00,2.511387207888489732e-216,0.000000000000000000e+00,4.219517134839615920e-245,0.000000000000000000e+00,0.000000000000000000e+00,0.000000000000000000e+00,0.000000000000000000e+00,0.000000000000000000e+00,2.700034790049974862e-02,0.000000000000000000e+00,0.000000000000000000e+00,9.680952494769325956e-01
3.293801167192529370e-77,3.409052956304601155e-320,0.000000000000000000e+00,9.965481577965088489e-01,1.010176780983026015e-232,1.210620441165408752e-76,0.000000000000000000e+00,0.000000000000000000e+00,0.000000000000000000e+00,0.000000000000000000e+00,0.000000000000000000e+00,4.958092894574371606e-301,0.000000000000000000e+00,0.000000000000000000e+00,0.000000000000000000e+00,6.815947724240421475e-05,1.208798542670946885e-03,1.970860691269158294e-03,0.000000000000000000e+00,2.040234923084919140e-04,6.126278972472789148e-129,0.000000000000000000e+00,0.000000000000000000e+00,1.485067537567938624e-81
0.000000000000000000e+00,6.438323060080275093e-04,9.515288071041517859e-169,3.116562735269064874e-167,8.834325617194737427e-126,1.337007151113921502e-02,1.809629551169702859e-03,2.122946753323900637e-50,5.054668596656095199e-05,0.000000000000000000e+00,5.996798172402168940e-125,1.723859759602986328e-224,4.653469252286781909e-05,9.747279496685171025e-83,0.000000000000000000e+00,3.580617183339077775e-04,9.783609029790190093e-01,0.000000000000000000e+00,2.014439522355586021e-05,3.804650329231521073e-163,1.632602417087924873e-246,0.000000000000000000e+00,5.311406943005450923e-03,2.886921761152533758e-05
0.000000000000000000e+00,0.000000000000000000e+00,1.257899039579310037e-47,2.478119329950969457e-153,0.000000000000000000e+00,0.000000000000000000e+00,1.624260511612202428e-257,0.000000000000000000e+00,8.899975967002985049e-115,1.859880415476599042e-03,0.000000000000000000e+00,0.000000000000000000e+00,1.770572640409379096e-75,3.940683491985503932e-03,1.119176157112899105e-02,0.000000000000000000e+00,0.000000000000000000e+00,0.000000000000000000e+00,0.000000000000000000e+00,0.000000000000000000e+00,0.000000000000000000e+00,9.830076745214089140e-01,0.000000000000000000e+00,0.000000000000000000e+00
0.000000000000000000e+00,4.507826321332572030e-03,1.647517986633741992e-290,3.873991563174154282e-267,7.026926515869461693e-05,7.469451689868880093e-152,5.560331112214957116e-04,0.000000000000000000e+00,1.895981369373971032e-66,0.000000000000000000e+00,3.343792380512190136e-73,0.000000000000000000e+00,0.000000000000000000e+00,0.000000000000000000e+00,0.000000000000000000e+00,1.466921662086705970e-02,9.297527330308601456e-01,0.000000000000000000e+00,7.915781329118026875e-04,2.729897092818304240e-05,3.898068290212945623e-208,0.000000000000000000e+00,4.947668571789567288e-02,1.483588288244155581e-04
8.975911827610303220e-161,1.639871678259098537e-05,0.000000000000000000e+00,0.000000000000000000e+00,9.786532324827633014e-218,3.176335074588229872e-03,3.265758436242624714e-04,0.000000000000000000e+00,7.257626278335930787e-04,0.000000000000000000e+00,7.967373798970592008e-303,0.000000000000000000e+00,0.000000000000000000e+00,0.000000000000000000e+00,0.000000000000000000e+00,0.000000000000000000e+00,7.837664575841647353e-105,0.000000000000000000e+00,9.209715478117507237e-01,6.340750016205405626e-02,1.048542084350200664e-138,0.000000000000000000e+00,1.137587976336655420e-02,0.000000000000000000e+00
0.000000000000000000e+00,1.139782070551007085e-03,6.731644424586984164e-320,4.557411898806160384e-234,0.000000000000000000e+00,0.000000000000000000e+00,7.317031444227771464e-02,8.684992249374520190e-01,1.408156350255521344e-04,0.000000000000000000e+00,0.000000000000000000e+00,0.000000000000000000e+00,5.657113361762730608e-02,3.827507224761687952e-04,0.000000000000000000e+00,0.000000000000000000e+00,0.000000000000000000e+00,0.000000000000000000e+00,0.000000000000000000e+00,0.000000000000000000e+00,0.000000000000000000e+00,9.597857459023687607e-05,0.000000000000000000e+00,0.000000000000000000e+00
0.000000000000000000e+00,6.144474017702787260e-290,7.404207605560630838e-202,1.087990324537324303e-183,0.000000000000000000e+00,0.000000000000000000e+00,1.170437274295711661e-03,6.802181959481411816e-261,9.377320324369444468e-04,4.735476218250365445e-03,0.000000000000000000e+00,6.227898800533936024e-231,6.460834955329954583e-213,9.851854980363853320e-01,1.679804450991741150e-03,0.000000000000000000e+00,0.000000000000000000e+00,0.000000000000000000e+00,0.000000000000000000e+00,0.000000000000000000e+00,0.000000000000000000e+00,6.291051987639947017e-03,0.000000000000000000e+00,0.000000000000000000e+00
0.000000000000000000e+00,0.000000000000000000e+00,2.174800735151874117e-04,0.000000000000000000e+00,0.000000000000000000e+00,0.000000000000000000e+00,3.723694035231075485e-03,0.000000000000000000e+00,1.226437882159328412e-02,3.148873452699063949e-03,0.000000000000000000e+00,0.000000000000000000e+00,7.348190085142114393e-206,1.120561383138120575e-03,9.791774238139777653e-01,0.000000000000000000e+00,0.000000000000000000e+00,0.000000000000000000e+00,0.000000000000000000e+00,0.000000000000000000e+00,0.000000000000000000e+00,3.475884198455283180e-04,0.000000000000000000e+00,0.000000000000000000e+00
2.339527817506947829e-05,1.017878764292646566e-88,0.000000000000000000e+00,0.000000000000000000e+00,0.000000000000000000e+00,0.000000000000000000e+00,1.261735839136851091e-03,0.000000000000000000e+00,1.809974215750317569e-02,0.000000000000000000e+00,0.000000000000000000e+00,9.795436483259528648e-01,0.000000000000000000e+00,2.730338916470815809e-04,7.800387593081157200e-05,0.000000000000000000e+00,7.736827592869266498e-174,7.204406316541201024e-04,0.000000000000000000e+00,0.000000000000000000e+00,0.000000000000000000e+00,0.000000000000000000e+00,0.000000000000000000e+00,0.000000000000000000e+00
0.000000000000000000e+00,0.000000000000000000e+00,2.726049351869107733e-254,1.609992719197617670e-03,0.000000000000000000e+00,0.000000000000000000e+00,1.113969219167597997e-04,0.000000000000000000e+00,1.598042885346273600e-04,6.436548314380280866e-05,0.000000000000000000e+00,0.000000000000000000e+00,5.588330331619010603e-202,9.897529385589919348e-01,6.960465664022679388e-04,0.000000000000000000e+00,0.000000000000000000e+00,0.000000000000000000e+00,0.000000000000000000e+00,0.000000000000000000e+00,0.000000000000000000e+00,7.605455461813021532e-03,0.000000000000000000e+00,0.000000000000000000e+00
8.252507764625730722e-306,6.382868818785904783e-06,0.000000000000000000e+00,2.332831356419524973e-278,2.575684873871483561e-191,9.903587146821514198e-01,1.360382170362187777e-04,0.000000000000000000e+00,1.497283189098041274e-284,0.000000000000000000e+00,7.122519229321792230e-255,3.960223749305172705e-06,0.000000000000000000e+00,0.000000000000000000e+00,0.000000000000000000e+00,2.842706033635378150e-134,2.053145859967159259e-03,0.000000000000000000e+00,3.141895273179297696e-05,5.799393794966249666e-05,0.000000000000000000e+00,0.000000000000000000e+00,7.352345257595709234e-03,0.000000000000000000e+00
0.000000000000000000e+00,5.952707026745227696e-06,1.715285880843976590e-306,8.755962023043719700e-283,0.000000000000000000e+00,0.000000000000000000e+00,1.926772733239984778e-03,0.000000000000000000e+00,1.778694407369966037e-03,0.000000000000000000e+00,0.000000000000000000e+00,0.000000000000000000e+00,4.615662672872940285e-05,0.000000000000000000e+00,0.000000000000000000e+00,0.000000000000000000e+00,0.000000000000000000e+00,0.000000000000000000e+00,0.000000000000000000e+00,0.000000000000000000e+00,1.164654497902969064e-02,0.000000000000000000e+00,0.000000000000000000e+00,9.845958785466049079e-01
0.000000000000000000e+00,9.525312354663429959e-01,6.519255731682260628e-03,2.853632355457423738e-04,0.000000000000000000e+00,0.000000000000000000e+00,0.000000000000000000e+00,0.000000000000000000e+00,0.000000000000000000e+00,0.000000000000000000e+00,0.000000000000000000e+00,0.000000000000000000e+00,0.000000000000000000e+00,0.000000000000000000e+00,0.000000000000000000e+00,0.000000000000000000e+00,0.000000000000000000e+00,0.000000000000000000e+00,0.000000000000000000e+00,0.000000000000000000e+00,2.997583499689383466e-02,0.000000000000000000e+00,0.000000000000000000e+00,1.068831056953524483e-02
9.959067702430918212e-01,0.000000000000000000e+00,0.000000000000000000e+00,0.000000000000000000e+00,1.433215432123989153e-203,0.000000000000000000e+00,0.000000000000000000e+00,0.000000000000000000e+00,0.000000000000000000e+00,0.000000000000000000e+00,0.000000000000000000e+00,1.703805147377204756e-50,0.000000000000000000e+00,0.000000000000000000e+00,0.000000000000000000e+00,0.000000000000000000e+00,0.000000000000000000e+00,4.093229756908162327e-03,0.000000000000000000e+00,0.000000000000000000e+00,0.000000000000000000e+00,0.000000000000000000e+00,0.000000000000000000e+00,0.000000000000000000e+00
5.223824302927380844e-235,4.131502005404268075e-04,1.494014987772262250e-318,4.438103379127783667e-236,2.930206150428548058e-127,1.991231013435368000e-02,6.760505959060926379e-252,0.000000000000000000e+00,3.177541999809199768e-313,0.000000000000000000e+00,1.566959944204176620e-272,0.000000000000000000e+00,0.000000000000000000e+00,0.000000000000000000e+00,0.000000000000000000e+00,5.723741544444674745e-04,9.740752792761246948e-01,0.000000000000000000e+00,1.964595088859943679e-03,1.482193509823657388e-03,3.667299756518290128e-05,0.000000000000000000e+00,1.536408717995730753e-03,7.015920292275078556e-06
5.231821874771913137e-29,0.000000000000000000e+00,0.000000000000000000e+00,1.114224594142742534e-249,2.507536283464764578e-06,5.451955545304597132e-03,0.000000000000000000e+00,0.000000000000000000e+00,5.082716008958729369e-165,0.000000000000000000e+00,9.521166879619506751e-02,0.000000000000000000e+00,0.000000000000000000e+00,0.000000000000000000e+00,0.000000000000000000e+00,1.040800088105550480e-04,2.378174816213455645e-04,1.413000906844890854e-228,0.000000000000000000e+00,1.234186001086789022e-05,9.377338669887455526e-312,0.000000000000000000e+00,8.989760867656673149e-01,3.542006106915781159e-06
2.065423294625893279e-105,0.000000000000000000e+00,0.000000000000000000e+00,2.046617226903804741e-224,7.420772377334984656e-66,1.544766998094437699e-245,3.328515914426687963e-127,0.000000000000000000e+00,9.906091290740456238e-146,0.000000000000000000e+00,4.369650998657942376e-02,0.000000000000000000e+00,0.000000000000000000e+00,0.000000000000000000e+00,0.000000000000000000e+00,8.234747312231810689e-07,3.289845915751983812e-99,3.505587001672512294e-196,0.000000000000000000e+00,1.523450761433301046e-05,1.128597554566104497e-311,0.000000000000000000e+00,9.562637793549223497e-01,2.365267615261532584e-05
0.000000000000000000e+00,7.622025259731406465e-06,1.363622445988273955e-208,3.260850881048525836e-03,7.343904920041517402e-231,0.000000000000000000e+00,1.091273068982019398e-196,0.000000000000000000e+00,4.401715401477803829e-05,0.000000000000000000e+00,0.000000000000000000e+00,0.000000000000000000e+00,0.000000000000000000e+00,0.000000000000000000e+00,0.000000000000000000e+00,8.762598840551523265e-05,6.368019892324104631e-257,0.000000000000000000e+00,0.000000000000000000e+00,0.000000000000000000e+00,3.706937748802412863e-02,0.000000000000000000e+00,5.363069802008803715e-239,9.595305064632473346e-01
0.000000000000000000e+00,7.610452630554959943e-05,1.033130482182299773e-257,1.663543860071108781e-05,3.287506109283943677e-176,8.209059754605840016e-129,3.783328209821022292e-04,0.000000000000000000e+00,6.723868518164106706e-04,0.000000000000000000e+00,2.497330500220136975e-308,4.197823818028536707e-287,0.000000000000000000e+00,0.000000000000000000e+00,0.000000000000000000e+00,1.723115006331471798e-271,2.862863742440923298e-04,0.000000000000000000e+00,0.000000000000000000e+00,0.000000000000000000e+00,4.072327502244182940e-02,0.000000000000000000e+00,1.616320777753013102e-213,9.578469789656093303e-01
6.770860979553991794e-07,3.246277095166463843e-05,0.000000000000000000e+00,0.000000000000000000e+00,8.669141270966522576e-156,6.869047584923537860e-04,2.237726876052255690e-03,0.000000000000000000e+00,7.191412746256029763e-179,0.000000000000000000e+00,7.928089530726113374e-03,0.000000000000000000e+00,9.407821646673451369e-317,0.000000000000000000e+00,0.000000000000000000e+00,1.349643489491477642e-271,7.001380702581357595e-05,4.591581616060087101e-05,0.000000000000000000e+00,0.000000000000000000e+00,2.501346136034422420e-305,0.000000000000000000e+00,9.889771969112706174e-01,2.101244322266383334e-05
2.994264979127624534e-224,0.000000000000000000e+00,0.000000000000000000e+00,1.095366134785381190e-243,2.949443536554287304e-101,1.399064421638782432e-02,0.000000000000000000e+00,0.000000000000000000e+00,0.000000000000000000e+00,0.000000000000000000e+00,2.800834287088066737e-03,0.000000000000000000e+00,0.000000000000000000e+00,0.000000000000000000e+00,0.000000000000000000e+00,1.533035030087893882e-189,1.507174302330513848e-05,0.000000000000000000e+00,0.000000000000000000e+00,9.048498925937890861e-06,0.000000000000000000e+00,0.000000000000000000e+00,9.831844012545748468e-01,0.000000000000000000e+00
1.472911425718298119e-293,0.000000000000000000e+00,0.000000000000000000e+00,0.000000000000000000e+00,0.000000000000000000e+00,0.000000000000000000e+00,0.000000000000000000e+00,0.000000000000000000e+00,2.067402457787677765e-05,0.000000000000000000e+00,1.969975535790075513e-147,2.524746011519569716e-04,0.000000000000000000e+00,0.000000000000000000e+00,0.000000000000000000e+00,0.000000000000000000e+00,0.000000000000000000e+00,9.997268513742701979e-01,0.000000000000000000e+00,0.000000000000000000e+00,0.000000000000000000e+00,0.000000000000000000e+00,1.504648413924642366e-209,0.000000000000000000e+00
0.000000000000000000e+00,2.943647348127434746e-213,9.213258142995944160e-165,8.101603927059886896e-279,0.000000000000000000e+00,0.000000000000000000e+00,6.347506776652602845e-04,4.206304052223119394e-05,6.630182453360104321e-04,8.715333975419623132e-04,0.000000000000000000e+00,0.000000000000000000e+00,9.976699912418243166e-01,2.108575625721627093e-120,3.931052620994454810e-06,0.000000000000000000e+00,0.000000000000000000e+00,0.000000000000000000e+00,0.000000000000000000e+00,0.000000000000000000e+00,2.736615839147141391e-113,3.829522025818973328e-127,0.000000000000000000e+00,1.147123444891881203e-04
0.000000000000000000e+00,0.000000000000000000e+00,5.929540764227221924e-182,5.201102518128248816e-22,0.000000000000000000e+00,0.000000000000000000e+00,1.823708909478264986e-05,3.690756582590773183e-05,2.218189748896040852e-03,9.950213945461755527e-01,0.000000000000000000e+00,0.000000000000000000e+00,1.084722288889722677e-03,2.498086408591687559e-04,6.219847910906756193e-04,0.000000000000000000e+00,0.000000000000000000e+00,0.000000000000000000e+00,0.000000000000000000e+00,0.000000000000000000e+00,0.000000000000000000e+00,7.487553291680984144e-04,0.000000000000000000e+00,0.000000000000000000e+00
3.320348107369425407e-39,0.000000000000000000e+00,0.000000000000000000e+00,4.991055333445025427e-278,2.055722546962979961e-03,4.416246008501029733e-183,0.000000000000000000e+00,0.000000000000000000e+00,0.000000000000000000e+00,0.000000000000000000e+00,0.000000000000000000e+00,0.000000000000000000e+00,0.000000000000000000e+00,0.000000000000000000e+00,0.000000000000000000e+00,9.976212007528528769e-01,3.230767001841183621e-04,0.000000000000000000e+00,0.000000000000000000e+00,0.000000000000000000e+00,0.000000000000000000e+00,0.000000000000000000e+00,1.229959158256838521e-52,0.000000000000000000e+00
0.000000000000000000e+00,2.341279265474175159e-282,3.368860477050351765e-56,1.406324093466987289e-261,0.000000000000000000e+00,0.000000000000000000e+00,1.857117627657638991e-05,6.277600107919091608e-234,1.150883312667361697e-196,3.906134269280293284e-03,0.000000000000000000e+00,0.000000000000000000e+00,2.089703224003519773e-03,9.886699111366014644e-78,9.625385952204443818e-01,0.000000000000000000e+00,0.000000000000000000e+00,0.000000000000000000e+00,0.000000000000000000e+00,0.000000000000000000e+00,0.000000000000000000e+00,3.144699610999523998e-02,0.000000000000000000e+00,0.000000000000000000e+00
2.665269424329884677e-249,2.944498285297974288e-05,0.000000000000000000e+00,3.674607133842030246e-293,3.302522233679831598e-183,1.085902189639935400e-02,8.533363080970158732e-06,0.000000000000000000e+00,3.457176083266150209e-15,0.000000000000000000e+00,1.871573343624733515e-02,0.000000000000000000e+00,0.000000000000000000e+00,0.000000000000000000e+00,0.000000000000000000e+00,1.015548954856259397e-03,1.936288647810399709e-03,4.074821876016820850e-78,5.228640206947122743e-04,1.511181274533360547e-05,6.804978864905049101e-261,0.000000000000000000e+00,9.668408960368405358e-01,5.655684846874008950e-05
0.000000000000000000e+00,0.000000000000000000e+00,4.574458377029804686e-172,8.669405278627303106e-190,0.000000000000000000e+00,0.000000000000000000e+00,3.385099632125918384e-303,0.000000000000000000e+00,4.632723493227190042e-04,1.316040150910424223e-03,0.000000000000000000e+00,0.000000000000000000e+00,3.104944897303676757e-137,1.274703543387671091e-03,4.157560086897639506e-04,0.000000000000000000e+00,0.000000000000000000e+00,0.000000000000000000e+00,0.000000000000000000e+00,0.000000000000000000e+00,0.000000000000000000e+00,9.965302279476894176e-01,0.000000000000000000e+00,0.000000000000000000e+00
6.146440394776811803e-05,9.887323511091114091e-05,9.864495478406862017e-291,5.069008993271494533e-106,8.629315244561495090e-266,8.214970735064706930e-02,2.966816583509495065e-69,0.000000000000000000e+00,1.992513122014166249e-270,0.000000000000000000e+00,9.266257817501999052e-280,3.436689442579761184e-03,0.000000000000000000e+00,0.000000000000000000e+00,0.000000000000000000e+00,3.412100685927004157e-04,8.965480074266932720e-01,0.000000000000000000e+00,0.000000000000000000e+00,3.616069331085066475e-05,1.528142018685872626e-190,0.000000000000000000e+00,1.729146492906373858e-02,3.642245005396728348e-05
0.000000000000000000e+00,1.056280369371736909e-03,2.062586492930199106e-238,9.161742002370207175e-06,7.015681385412925966e-229,3.462882986221642616e-220,2.212870570566586302e-04,0.000000000000000000e+00,2.162450556760490581e-04,0.000000000000000000e+00,1.005888718162129180e-174,0.000000000000000000e+00,1.096415371917951390e-234,0.000000000000000000e+00,0.000000000000000000e+00,0.000000000000000000e+00,3.635716538353661409e-297,0.000000000000000000e+00,0.000000000000000000e+00,0.000000000000000000e+00,2.200996567537422208e-03,0.000000000000000000e+00,2.767036145890443668e-04,9.960193255937667134e-01
0.000000000000000000e+00,1.060494701091764351e-02,2.322956018641304514e-05,2.112468316022117108e-04,1.700533331762250527e-282,3.877726878951696727e-182,8.435175031898607401e-01,1.126213600767373823e-03,1.100920934165975362e-01,2.323806901747483850e-03,0.000000000000000000e+00,1.182089340478506383e-03,1.991058342906404030e-02,2.411161381202982148e-03,1.097489991893408007e-03,1.434738674055095578e-05,9.776597041802688217e-273,3.914893817353749060e-174,0.000000000000000000e+00,0.000000000000000000e+00,2.932975729030780614e-03,3.714828274285134849e-03,7.235693147485074431e-06,8.302482624776334969e-04
0.000000000000000000e+00,0.000000000000000000e+00,4.958428569730932782e-05,0.000000000000000000e+00,0.000000000000000000e+00,0.000000000000000000e+00,2.099265329926590720e-03,1.033560577202666376e-215,8.189348212237058597e-03,3.748838536194278644e-04,0.000000000000000000e+00,3.803176620569152018e-05,3.969603036095872318e-03,9.800900842497654031e-01,5.804732942971691238e-05,0.000000000000000000e+00,0.000000000000000000e+00,0.000000000000000000e+00,0.000000000000000000e+00,0.000000000000000000e+00,0.000000000000000000e+00,5.131151937023003054e-03,0.000000000000000000e+00,0.000000000000000000e+00
6.686913625852814015e-07,3.518724014514751797e-04,0.000000000000000000e+00,1.560506630676418069e-04,9.952653671640684374e-01,7.433000740382552513e-04,2.867263235237647348e-94,0.000000000000000000e+00,1.034418108097067184e-262,0.000000000000000000e+00,8.253100123652370404e-85,0.000000000000000000e+00,0.000000000000000000e+00,0.000000000000000000e+00,0.000000000000000000e+00,1.196779082919253279e-05,1.476837704878708674e-04,0.000000000000000000e+00,3.790959381210595963e-04,9.198527371897393485e-04,6.268685299987828601e-04,0.000000000000000000e+00,1.397272239384956269e-03,0.000000000000000000e+00
0.000000000000000000e+00,2.906211169844928708e-268,1.122236666252938785e-04,1.459549206786435540e-218,0.000000000000000000e+00,0.000000000000000000e+00,4.621722478657692113e-47,0.000000000000000000e+00,5.780347717548665366e-03,9.425260567132282517e-04,0.000000000000000000e+00,0.000000000000000000e+00,2.124160017588451504e-109,9.165571898135429704e-03,1.528581076773795865e-03,0.000000000000000000e+00,0.000000000000000000e+00,0.000000000000000000e+00,0.000000000000000000e+00,0.000000000000000000e+00,0.000000000000000000e+00,9.824707495842036620e-01,0.000000000000000000e+00,0.000000000000000000e+00
0.000000000000000000e+00,0.000000000000000000e+00,0.000000000000000000e+00,0.000000000000000000e+00,0.000000000000000000e+00,0.000000000000000000e+00,0.000000000000000000e+00,0.000000000000000000e+00,0.000000000000000000e+00,0.000000000000000000e+00,1.000000000000000000e+00,0.000000000000000000e+00,0.000000000000000000e+00,0.000000000000000000e+00,0.000000000000000000e+00,0.000000000000000000e+00,0.000000000000000000e+00,5.376771316610102566e-316,0.000000000000000000e+00,0.000000000000000000e+00,0.000000000000000000e+00,0.000000000000000000e+00,0.000000000000000000e+00,0.000000000000000000e+00
0.000000000000000000e+00,0.000000000000000000e+00,2.957453856983285000e-198,7.351976288407364620e-291,0.000000000000000000e+00,0.000000000000000000e+00,7.139416990414794439e-03,9.658021496823889773e-01,0.000000000000000000e+00,0.000000000000000000e+00,0.000000000000000000e+00,0.000000000000000000e+00,2.705843332719630803e-02,0.000000000000000000e+00,0.000000000000000000e+00,0.000000000000000000e+00,0.000000000000000000e+00,0.000000000000000000e+00,0.000000000000000000e+00,0.000000000000000000e+00,0.000000000000000000e+00,0.000000000000000000e+00,0.000000000000000000e+00,0.000000000000000000e+00
0.000000000000000000e+00,0.000000000000000000e+00,0.000000000000000000e+00,0.000000000000000000e+00,1.756098375462075953e-218,9.568108315177826402e-177,0.000000000000000000e+00,0.000000000000000000e+00,1.671401521581135713e-238,0.000000000000000000e+00,4.768645658862290547e-286,0.000000000000000000e+00,0.000000000000000000e+00,0.000000000000000000e+00,0.000000000000000000e+00,0.000000000000000000e+00,9.004766842922477231e-50,0.000000000000000000e+00,9.922847325037811306e-01,6.598353691698590276e-03,0.000000000000000000e+00,0.000000000000000000e+00,1.116913804520324252e-03,0.000000000000000000e+00
3.555094694098692249e-272,5.505107504281201963e-152,2.152796087773792760e-235,2.359517876488613969e-264,8.888282261956650645e-232,1.227630192822314059e-03,8.596731677184398235e-01,1.290295595797957958e-03,3.076406984472395578e-97,8.975905278416518741e-05,3.043794892239130295e-181,4.342983714114189570e-03,2.260300751567276972e-02,7.415288195825655302e-04,3.119402085222009856e-03,2.366402318236868370e-03,1.678757783075758916e-02,1.454567402477071301e-02,8.221852643429158891e-03,1.963684985792280013e-02,1.192713362962535655e-02,1.487564420840805377e-03,2.043893063039480679e-02,1.150023994958609963e-02
0.000000000000000000e+00,0.000000000000000000e+00,1.494261623572125524e-15,6.391106019781169689e-239,0.000000000000000000e+00,0.000000000000000000e+00,1.559400298731085182e-04,0.000000000000000000e+00,4.151165296675351016e-03,3.568912581013174752e-123,0.000000000000000000e+00,0.000000000000000000e+00,4.491539239714240715e-163,2.234771578521821465e-04,6.613974742174629157e-05,0.000000000000000000e+00,0.000000000000000000e+00,0.000000000000000000e+00,0.000000000000000000e+00,0.000000000000000000e+00,0.000000000000000000e+00,9.954032777681761646e-01,0.000000000000000000e+00,0.000000000000000000e+00
0.000000000000000000e+00,0.000000000000000000e+00,1.060785986611188635e-249,0.000000000000000000e+00,0.000000000000000000e+00,0.000000000000000000e+00,2.055993459218550079e-77,0.000000000000000000e+00,2.489405369759069373e-03,3.416434814709890986e-140,0.000000000000000000e+00,0.000000000000000000e+00,1.952009873497059994e-165,9.728094980415240567e-01,3.538585003703123219e-03,0.000000000000000000e+00,0.000000000000000000e+00,0.000000000000000000e+00,0.000000000000000000e+00,0.000000000000000000e+00,0.000000000000000000e+00,2.116251158501379973e-02,0.000000000000000000e+00,0.000000000000000000e+00
0.000000000000000000e+00,0.000000000000000000e+00,7.806013764687071555e-178,0.000000000000000000e+00,0.000000000000000000e+00,0.000000000000000000e+00,2.056683262974966367e-49,0.000000000000000000e+00,7.017679514246961958e-02,3.594278324794490496e-05,0.000000000000000000e+00,0.000000000000000000e+00,5.491396084438824695e-220,5.129827097379943517e-03,8.873728149129298526e-01,0.000000000000000000e+00,0.000000000000000000e+00,0.000000000000000000e+00,0.000000000000000000e+00,0.000000000000000000e+00,0.000000000000000000e+00,3.728462006397267881e-02,0.000000000000000000e+00,0.000000000000000000e+00
5.808144910044883424e-01,0.000000000000000000e+00,1.737148061488351294e-03,1.065596449921337479e-74,3.243178939418267515e-01,7.502818468151832912e-03,0.000000000000000000e+00,0.000000000000000000e+00,8.244643614546788038e-314,0.000000000000000000e+00,2.405734937103812783e-76,8.362827702966716695e-13,0.000000000000000000e+00,0.000000000000000000e+00,2.144786932405384354e-05,9.620114532645465579e-05,4.027238313318412706e-03,2.328720092217457464e-03,1.006924712732317276e-02,4.382119861205455852e-02,0.000000000000000000e+00,0.000000000000000000e+00,2.526359536364436442e-02,0.000000000000000000e+00
1.120220510867854999e-195,0.000000000000000000e+00,0.000000000000000000e+00,0.000000000000000000e+00,3.643030030413703038e-274,0.000000000000000000e+00,2.063572225774296077e-05,0.000000000000000000e+00,0.000000000000000000e+00,0.000000000000000000e+00,0.000000000000000000e+00,0.000000000000000000e+00,0.000000000000000000e+00,0.000000000000000000e+00,0.000000000000000000e+00,0.000000000000000000e+00,4.423531219266399250e-05,0.000000000000000000e+00,9.887988103636148329e-01,1.113631860193479116e-02,0.000000000000000000e+00,0.000000000000000000e+00,0.000000000000000000e+00,0.000000000000000000e+00
1.365631428967285430e-226,9.020708433870964362e-268,0.000000000000000000e+00,1.147881021155768883e-186,0.000000000000000000e+00,1.164186478246913474e-178,0.000000000000000000e+00,0.000000000000000000e+00,0.000000000000000000e+00,0.000000000000000000e+00,0.000000000000000000e+00,0.000000000000000000e+00,0.000000000000000000e+00,0.000000000000000000e+00,0.000000000000000000e+00,8.647296031624451306e-219,1.000000000000000000e+00,0.000000000000000000e+00,0.000000000000000000e+00,0.000000000000000000e+00,0.000000000000000000e+00,0.000000000000000000e+00,7.347565905095120450e-270,0.000000000000000000e+00
1.430945339217960813e-230,4.264508932332146393e-06,1.418810292089860951e-115,1.556605083083957646e-194,1.484466764636727581e-221,2.617970435305828555e-02,1.221612898923788988e-05,4.559954238989145028e-26,1.802880034202688077e-04,0.000000000000000000e+00,7.144869145023184306e-03,9.925382300939678626e-67,6.249779165061333948e-153,5.163496645044349122e-30,0.000000000000000000e+00,2.655792907820952661e-03,2.959944003542938455e-03,0.000000000000000000e+00,9.587440370123640048e-163,0.000000000000000000e+00,3.671576645303871745e-314,0.000000000000000000e+00,9.608629209492127732e-01,1.653304599738678581e-173
1.825569968271673671e-243,1.044976816131915201e-04,0.000000000000000000e+00,6.940849407818106846e-285,9.924394053821831063e-05,2.856534137666227793e-03,1.094763796174867308e-04,0.000000000000000000e+00,6.968368064733138512e-04,0.000000000000000000e+00,2.900520564745645829e-03,0.000000000000000000e+00,0.000000000000000000e+00,0.000000000000000000e+00,0.000000000000000000e+00,5.980149725099590484e-05,1.544387887638092038e-02,0.000000000000000000e+00,2.277946623204363914e-04,3.384818090625423230e-85,0.000000000000000000e+00,0.000000000000000000e+00,9.775014154533935296e-01,7.841261673542824958e-176
6.410827739393695029e-89,1.221302328749152748e-03,0.000000000000000000e+00,1.357659285142553470e-06,3.184558880227757092e-34,1.562859302674450904e-02,1.232763134543421876e-05,7.898758843461842035e-134,5.284806513966750650e-227,0.000000000000000000e+00,0.000000000000000000e+00,3.251030757021304901e-63,0.000000000000000000e+00,0.000000000000000000e+00,0.000000000000000000e+00,1.148949307105807900e-04,9.827813932741028546e-01,0.000000000000000000e+00,1.064239282675013128e-54,1.770199364496908566e-182,3.160038717207074063e-300,0.000000000000000000e+00,2.339788667779296250e-04,6.152282284425800132e-06
0.000000000000000000e+00,0.000000000000000000e+00,4.914657799295424157e-197,0.000000000000000000e+00,0.000000000000000000e+00,0.000000000000000000e+00,7.966885714447945459e-05,0.000000000000000000e+00,7.068444337208460042e-73,3.061705338056144927e-31,0.000000000000000000e+00,0.000000000000000000e+00,2.063968608838456471e-125,2.182279393822521545e-03,3.426819504198286639e-03,0.000000000000000000e+00,0.000000000000000000e+00,0.000000000000000000e+00,0.000000000000000000e+00,0.000000000000000000e+00,0.000000000000000000e+00,9.943112322448347529e-01,0.000000000000000000e+00,0.000000000000000000e+00
0.000000000000000000e+00,1.212173082998487054e-04,0.000000000000000000e+00,0.000000000000000000e+00,0.000000000000000000e+00,0.000000000000000000e+00,9.970369284099108720e-01,2.561343833528430952e-03,0.000000000000000000e+00,0.000000000000000000e+00,0.000000000000000000e+00,0.000000000000000000e+00,2.805104482608824969e-04,0.000000000000000000e+00,0.000000000000000000e+00,0.000000000000000000e+00,0.000000000000000000e+00,0.000000000000000000e+00,0.000000000000000000e+00,0.000000000000000000e+00,0.000000000000000000e+00,0.000000000000000000e+00,0.000000000000000000e+00,0.000000000000000000e+00
0.000000000000000000e+00,0.000000000000000000e+00,9.789965549735220432e-262,9.634580538227460744e-01,2.791953103323589065e-26,1.598443793642986138e-02,2.111514180383699936e-315,1.234191841142265153e-227,1.071152226548801718e-229,4.078341293874370561e-04,0.000000000000000000e+00,0.000000000000000000e+00,2.122175045867230023e-239,7.179526057820936500e-04,9.475037797495074106e-307,0.000000000000000000e+00,2.046809389540709464e-157,1.359659494778977205e-02,1.051485278197407988e-04,0.000000000000000000e+00,7.393860920735088024e-287,5.413068963438389010e-03,0.000000000000000000e+00,3.169090666066749665e-04
0.000000000000000000e+00,0.000000000000000000e+00,2.394759430657588131e-174,8.273774960410883811e-278,0.000000000000000000e+00,0.000000000000000000e+00,1.590305448843329448e-03,1.606720052354219551e-04,6.726119511052056067e-219,3.910194202597621926e-201,0.000000000000000000e+00,3.679359327305979378e-05,7.351610580505583015e-04,9.930885146028786137e-01,1.113954973087484830e-289,0.000000000000000000e+00,0.000000000000000000e+00,0.000000000000000000e+00,0.000000000000000000e+00,0.000000000000000000e+00,0.000000000000000000e+00,4.388553291718888527e-03,0.000000000000000000e+00,0.000000000000000000e+00
1.116474993629479083e-161,0.000000000000000000e+00,0.000000000000000000e+00,0.000000000000000000e+00,1.290320411196163593e-196,2.922431992657100040e-275,0.000000000000000000e+00,0.000000000000000000e+00,0.000000000000000000e+00,0.000000000000000000e+00,3.415036876701314481e-261,0.000000000000000000e+00,0.000000000000000000e+00,0.000000000000000000e+00,0.000000000000000000e+00,9.999999999999993339e-01,6.929564109847856326e-16,0.000000000000000000e+00,4.578256511681228175e-231,0.000000000000000000e+00,0.000000000000000000e+00,0.000000000000000000e+00,2.733948683217964218e-203,0.000000000000000000e+00
0.000000000000000000e+00,0.000000000000000000e+00,0.000000000000000000e+00,0.000000000000000000e+00,3.384571053117246560e-309,3.235886030380225997e-03,2.565320661047327409e-202,0.000000000000000000e+00,0.000000000000000000e+00,0.000000000000000000e+00,8.217962664339129031e-02,0.000000000000000000e+00,0.000000000000000000e+00,0.000000000000000000e+00,0.000000000000000000e+00,0.000000000000000000e+00,1.330184020580791983e-05,1.495060089533349469e-202,0.000000000000000000e+00,0.000000000000000000e+00,0.000000000000000000e+00,0.000000000000000000e+00,9.145711854860226753e-01,0.000000000000000000e+00
0.000000000000000000e+00,0.000000000000000000e+00,1.219125306957238873e-185,0.000000000000000000e+00,0.000000000000000000e+00,0.000000000000000000e+00,5.258048613623799751e-03,0.000000000000000000e+00,2.207940462762267124e-03,1.591281746045778052e-03,0.000000000000000000e+00,0.000000000000000000e+00,1.033229723042878131e-215,2.122639299383750813e-05,9.889566403155727325e-01,0.000000000000000000e+00,0.000000000000000000e+00,0.000000000000000000e+00,0.000000000000000000e+00,0.000000000000000000e+00,0.000000000000000000e+00,1.964862469001635650e-03,0.000000000000000000e+00,0.000000000000000000e+00
5.652172075868397988e-99,0.000000000000000000e+00,0.000000000000000000e+00,7.440762827171601195e-235,1.951985306951083806e-92,8.844447903497050997e-06,0.000000000000000000e+00,0.000000000000000000e+00,0.000000000000000000e+00,0.000000000000000000e+00,1.184484989759862581e-03,0.000000000000000000e+00,0.000000000000000000e+00,0.000000000000000000e+00,0.000000000000000000e+00,2.022535595961605845e-05,7.468047718849051803e-34,2.867804237609643521e-119,0.000000000000000000e+00,1.420575123704159097e-04,6.663568107377810486e-317,0.000000000000000000e+00,9.986423991634436614e-01,1.988530562919457024e-06
0.000000000000000000e+00,0.000000000000000000e+00,0.000000000000000000e+00,0.000000000000000000e+00,0.000000000000000000e+00,0.000000000000000000e+00,0.000000000000000000e+00,0.000000000000000000e+00,5.897801579472616417e-04,0.000000000000000000e+00,4.184954725389649348e-132,0.000000000000000000e+00,0.000000000000000000e+00,0.000000000000000000e+00,0.000000000000000000e+00,0.000000000000000000e+00,0.000000000000000000e+00,9.994102198420528049e-01,0.000000000000000000e+00,0.000000000000000000e+00,0.000000000000000000e+00,0.000000000000000000e+00,0.000000000000000000e+00,0.000000000000000000e+00
2.485706238349722246e-111,5.667548946723363429e-06,0.000000000000000000e+00,6.587179629743003675e-319,2.482444414786075270e-04,2.771795466144458595e-141,5.440277307873069779e-189,0.000000000000000000e+00,6.923249886977341644e-04,0.000000000000000000e+00,0.000000000000000000e+00,0.000000000000000000e+00,0.000000000000000000e+00,0.000000000000000000e+00,0.000000000000000000e+00,4.802492501865354723e-04,2.066666143338263123e-03,0.000000000000000000e+00,9.909253918183966725e-01,5.415300079196321004e-03,3.669230052325654222e-05,0.000000000000000000e+00,1.294634292359036196e-04,2.082178683058385799e-173
1.502337365981338231e-05,0.000000000000000000e+00,0.000000000000000000e+00,1.334471309417206916e-320,1.864160287393335598e-03,3.352883313643587268e-200,1.661224338977919137e-105,0.000000000000000000e+00,0.000000000000000000e+00,0.000000000000000000e+00,0.000000000000000000e+00,2.001936962479594452e-262,0.000000000000000000e+00,0.000000000000000000e+00,0.000000000000000000e+00,4.432356499793906843e-05,1.368253826793255218e-03,0.000000000000000000e+00,6.077924556559218591e-04,9.945262669229381070e-01,0.000000000000000000e+00,0.000000000000000000e+00,1.574179568561679060e-03,0.000000000000000000e+00
0.000000000000000000e+00,0.000000000000000000e+00,1.640765338450259353e-259,2.247915184405953657e-93,0.000000000000000000e+00,0.000000000000000000e+00,6.606256589593637632e-175,0.000000000000000000e+00,4.685220526563494368e-106,4.558948470585054543e-221,0.000000000000000000e+00,0.000000000000000000e+00,1.116230634490010936e-99,8.825324024473428786e-01,5.393138762380635630e-03,0.000000000000000000e+00,0.000000000000000000e+00,0.000000000000000000e+00,0.000000000000000000e+00,0.000000000000000000e+00,0.000000000000000000e+00,1.120744587902764988e-01,0.000000000000000000e+00,0.000000000000000000e+00
0.000000000000000000e+00,5.064038316051779760e-06,0.000000000000000000e+00,1.078441018746534885e-285,2.764744229986671951e-168,2.996755983363056861e-02,0.000000000000000000e+00,0.000000000000000000e+00,1.210682713794798691e-223,0.000000000000000000e+00,2.611301688271281621e-246,0.000000000000000000e+00,0.000000000000000000e+00,0.000000000000000000e+00,0.000000000000000000e+00,4.752584582005452639e-04,2.136118775593505437e-03,0.000000000000000000e+00,6.726429091329956533e-05,9.619997178586965885e-04,0.000000000000000000e+00,0.000000000000000000e+00,9.663867348854874306e-01,0.000000000000000000e+00
0.000000000000000000e+00,0.000000000000000000e+00,1.728327334610938287e-237,0.000000000000000000e+00,0.000000000000000000e+00,0.000000000000000000e+00,8.226945169708858125e-04,0.000000000000000000e+00,9.058449795042456884e-03,1.070155927310004716e-02,0.000000000000000000e+00,0.000000000000000000e+00,1.722366118765128115e-02,4.416046505990867815e-02,3.525463123390397240e-03,0.000000000000000000e+00,0.000000000000000000e+00,0.000000000000000000e+00,0.000000000000000000e+00,0.000000000000000000e+00,0.000000000000000000e+00,9.145077070439362465e-01,0.000000000000000000e+00,0.000000000000000000e+00
6.785119601278258746e-264,2.327620278736316443e-04,5.609674345234440228e-246,4.823088917970402512e-279,8.839683150095916776e-208,1.969136623383722050e-03,3.945219506010402659e-03,5.100521329460633259e-05,9.760499577392608428e-01,7.034064087293779872e-04,5.645284485633542473e-03,4.103711146138910357e-140,1.161059584368566580e-153,6.840837148545685683e-05,1.967410558422730044e-04,8.793123075954437245e-06,6.036384599865439547e-04,2.789342619260229677e-03,8.245512788165499534e-05,1.077029171129494870e-03,4.592608241407370091e-05,8.825542906448359103e-04,4.319632860977980215e-03,1.328706833115315912e-03
1.462131943593752309e-274,9.802276722638260109e-01,4.594226108822870179e-292,1.353273223002935506e-04,2.443445657712534152e-210,1.124305462209071205e-04,1.194679659061256838e-02,1.435647089823596063e-04,1.197456724778553751e-03,0.000000000000000000e+00,0.000000000000000000e+00,4.596947205427700015e-04,1.375667233428041016e-04,0.000000000000000000e+00,0.000000000000000000e+00,1.185835237246633788e-268,1.815928801215621049e-03,0.000000000000000000e+00,2.006361978730780791e-04,1.568910071986246094e-280,2.964288364941041615e-03,0.000000000000000000e+00,1.447317214952171286e-75,6.586370353638787119e-04
0.000000000000000000e+00,4.151934062779758562e-313,5.593591937371732723e-04,1.179183405456580656e-312,0.000000000000000000e+00,0.000000000000000000e+00,6.028455488896933626e-03,2.468960908101327951e-293,1.511244323290369864e-03,2.958229398201066632e-02,0.000000000000000000e+00,0.000000000000000000e+00,5.817505583575481587e-02,3.690793418602498089e-03,3.509122969295821494e-03,0.000000000000000000e+00,0.000000000000000000e+00,0.000000000000000000e+00,0.000000000000000000e+00,0.000000000000000000e+00,0.000000000000000000e+00,8.969436747884117489e-01,0.000000000000000000e+00,0.000000000000000000e+00
0.000000000000000000e+00,0.000000000000000000e+00,0.000000000000000000e+00,3.190478390345600852e-284,1.310914104368410309e-05,1.385324011008509486e-03,1.121756443732207284e-129,1.438090083675319217e-06,2.181702473188594286e-226,0.000000000000000000e+00,1.975459266791452978e-148,2.912476856086798483e-307,0.000000000000000000e+00,0.000000000000000000e+00,0.000000000000000000e+00,6.168078117156140914e-163,3.000318627038740023e-03,1.200237680260847186e-04,7.309117268635545624e-03,9.734819104599974349e-01,0.000000000000000000e+00,0.000000000000000000e+00,1.468875863416620707e-02,0.000000000000000000e+00
