5.085221335801776024e-90,5.504010264393575866e-19,0.000000000000000000e+00,0.000000000000000000e+00,0.000000000000000000e+00,0.000000000000000000e+00,6.363629526593244356e-19,0.000000000000000000e+00,0.000000000000000000e+00,7.728019840044845719e-118,7.177496719390192388e-04,0.000000000000000000e+00,7.750273553515145187e-131,0.000000000000000000e+00,2.443691177635867826e-04,0.000000000000000000e+00,0.000000000000000000e+00,0.000000000000000000e+00,0.000000000000000000e+00,7.933101260344539498e-105,0.000000000000000000e+00,0.000000000000000000e+00,4.940656458412465442e-324,0.000000000000000000e+00,6.377333006763597151e-244,0.000000000000000000e+00,4.333787605033068220e-264,0.000000000000000000e+00,0.000000000000000000e+00,0.000000000000000000e+00,4.390054199215252967e-150,1.241793260927129992e-256,0.000000000000000000e+00,0.000000000000000000e+00,0.000000000000000000e+00,4.542989276723871565e-77,0.000000000000000000e+00,0.000000000000000000e+00,0.000000000000000000e+00,5.102912595101447827e-160,0.000000000000000000e+00,0.000000000000000000e+00,0.000000000000000000e+00,9.813010439341117626e-05,0.000000000000000000e+00,9.752060065173471084e-305,0.000000000000000000e+00,0.000000000000000000e+00,2.017046485154389834e-01,3.383406713404449122e-234,1.208993803352327057e-27,3.931511058203717153e-104,0.000000000000000000e+00,0.000000000000000000e+00,1.593467360785850152e-05,4.655589625504862406e-223,2.421691366933857250e-292,0.000000000000000000e+00,0.000000000000000000e+00,7.125006836202588860e-39,0.000000000000000000e+00,3.665843739898612862e-248,0.000000000000000000e+00,2.385539329776103612e-04,0.000000000000000000e+00,0.000000000000000000e+00,0.000000000000000000e+00,7.125558720852872588e-06,0.000000000000000000e+00,0.000000000000000000e+00,0.000000000000000000e+00,0.000000000000000000e+00,8.689766255648001560e-272,0.000000000000000000e+00,0.000000000000000000e+00,0.000000000000000000e+00,7.969417310042709035e-01,5.345099079137399890e-195,4.980609685184527571e-257,2.730920051865956147e-229,3.411208010991061511e-242,1.283336851877097656e-87,0.000000000000000000e+00,0.000000000000000000e+00,0.000000000000000000e+00,0.000000000000000000e+00,4.455248151131791970e-161,0.000000000000000000e+00,0.000000000000000000e+00,1.208049040956014083e-97,0.000000000000000000e+00,3.232753096128975012e-110,3.175742088775047487e-05,0.000000000000000000e+00,0.000000000000000000e+00,0.000000000000000000e+00,1.000250988634931197e-262,5.619318626153175037e-274,0.000000000000000000e+00,0.000000000000000000e+00
0.000000000000000000e+00,0.000000000000000000e+00,3.526271755080147372e-03,0.000000000000000000e+00,9.990896081133896713e-297,0.000000000000000000e+00,6.138937245306753769e-05,0.000000000000000000e+00,0.000000000000000000e+00,2.785840947378784666e-289,0.000000000000000000e+00,1.554883157657076413e-05,8.952630072025230251e-255,1.431688720406781892e-277,1.091910750980704990e-264,9.579786703044784572e-131,0.000000000000000000e+00,3.138676737002622959e-03,0.000000000000000000e+00,0.000000000000000000e+00,0.000000000000000000e+00,0.000000000000000000e+00,0.000000000000000000e+00,1.530177436171031106e-05,0.000000000000000000e+00,0.000000000000000000e+00,0.000000000000000000e+00,1.735475819268547095e-03,5.310217021862939299e-04,4.311275241461816246e-05,0.000000000000000000e+00,0.000000000000000000e+00,0.000000000000000000e+00,0.000000000000000000e+00,4.602393749232018202e-03,9.308196767649084892e-321,1.428697237055600016e-03,0.000000000000000000e+00,9.592681092863195036e-03,1.907253743411958325e-05,2.605848993128268552e-04,3.909151919811613776e-290,0.000000000000000000e+00,8.734321225562045949e-89,0.000000000000000000e+00,1.543069202858393923e-05,1.394279489581272595e-05,1.763596181268428653e-01,0.000000000000000000e+00,5.474351404771869364e-04,0.000000000000000000e+00,0.000000000000000000e+00,1.467141853178419690e-05,1.451380696353865194e-04,1.562945813661575174e-04,0.000000000000000000e+00,0.000000000000000000e+00,2.204745339236359644e-212,0.000000000000000000e+00,0.000000000000000000e+00,1.195345925885408892e-282,8.285203808920416644e-05,0.000000000000000000e+00,7.850561313542488617e-05,2.543193994855041246e-03,1.723712914706059668e-02,0.000000000000000000e+00,7.670743727916934243e-04,1.851679265339425320e-268,0.000000000000000000e+00,4.940656458412465442e-324,0.000000000000000000e+00,2.752845162077297000e-152,0.000000000000000000e+00,0.000000000000000000e+00,0.000000000000000000e+00,0.000000000000000000e+00,0.000000000000000000e+00,6.730521411323071823e-299,1.664999199405334043e-05,3.994619652050090605e-04,5.001598222819710060e-03,0.000000000000000000e+00,2.218244592485461972e-04,0.000000000000000000e+00,0.000000000000000000e+00,0.000000000000000000e+00,0.000000000000000000e+00,0.000000000000000000e+00,0.000000000000000000e+00,0.000000000000000000e+00,1.507915732448620471e-05,0.000000000000000000e+00,0.000000000000000000e+00,1.588599809752977020e-05,0.000000000000000000e+00,7.019766605937188212e-04,7.706960092947657825e-01,2.392033881633237495e-313,0.000000000000000000e+00
0.000000000000000000e+00,0.000000000000000000e+00,7.438558525538951899e-62,5.854120550385425877e-46,0.000000000000000000e+00,0.000000000000000000e+00,0.000000000000000000e+00,6.600365688217970696e-40,0.000000000000000000e+00,0.000000000000000000e+00,0.000000000000000000e+00,1.611485099573356159e-196,0.000000000000000000e+00,5.555937848231291363e-108,0.000000000000000000e+00,0.000000000000000000e+00,1.020066348067982867e-112,4.919683181093543223e-269,6.174185931500204561e-01,0.000000000000000000e+00,5.366378520107746240e-290,1.376836560992364558e-255,0.000000000000000000e+00,0.000000000000000000e+00,0.000000000000000000e+00,6.038280032419166566e-262,0.000000000000000000e+00,3.767165249599638832e-01,1.376935473823726657e-264,0.000000000000000000e+00,0.000000000000000000e+00,0.000000000000000000e+00,1.484650520321811573e-223,4.296906787534114903e-38,3.426296404143763303e-05,0.000000000000000000e+00,5.297862373057684264e-168,2.817361457114064788e-47,8.796588722560769032e-290,0.000000000000000000e+00,3.811222392019375842e-320,1.181919001954092419e-201,4.331928718108699105e-04,0.000000000000000000e+00,3.338228114571680963e-254,0.000000000000000000e+00,1.008052460924005373e-305,3.028511536785950982e-03,0.000000000000000000e+00,4.967212486876432444e-318,0.000000000000000000e+00,0.000000000000000000e+00,6.585779033652406639e-208,4.943531684494352953e-257,0.000000000000000000e+00,0.000000000000000000e+00,0.000000000000000000e+00,1.731399086785048485e-163,6.489136633027668099e-181,0.000000000000000000e+00,4.315535590669084601e-56,0.000000000000000000e+00,1.056978889420408539e-171,1.965206240714586460e-290,1.246016350598981385e-237,9.473461860931315249e-05,6.272409838505637269e-05,0.000000000000000000e+00,1.794049167292000708e-04,0.000000000000000000e+00,4.032109831975956765e-198,0.000000000000000000e+00,2.701034720323849696e-235,4.398906196972470388e-15,6.552335816746683823e-250,9.528685179693122928e-178,1.223478414065688269e-03,0.000000000000000000e+00,0.000000000000000000e+00,1.389890613373267916e-114,0.000000000000000000e+00,0.000000000000000000e+00,1.312608717328904504e-196,0.000000000000000000e+00,3.545361428353875846e-262,1.790854064188696503e-174,0.000000000000000000e+00,0.000000000000000000e+00,3.523390855032437192e-185,0.000000000000000000e+00,0.000000000000000000e+00,0.000000000000000000e+00,0.000000000000000000e+00,8.691674597329669727e-260,0.000000000000000000e+00,9.683161433056414185e-238,4.244821985173512205e-245,9.063163363094559640e-292,8.085724695838914346e-04,0.000000000000000000e+00
0.000000000000000000e+00,1.500462797968692670e-265,9.914452987318806278e-05,8.523709110014847338e-203,3.220374226814287512e-318,0.000000000000000000e+00,1.417698505695613340e-295,0.000000000000000000e+00,9.023300000633740733e-164,0.000000000000000000e+00,0.000000000000000000e+00,6.749118135511717335e-180,1.003307367422746477e-207,5.043305448330702869e-208,0.000000000000000000e+00,0.000000000000000000e+00,0.000000000000000000e+00,6.230711448935746756e-04,1.730958990204807268e-318,1.227025922446491556e-97,9.177003971073389361e-308,0.000000000000000000e+00,0.000000000000000000e+00,3.706087322163039967e-161,2.527890635559624629e-224,2.886672302199491862e-06,8.921025171495286594e-280,0.000000000000000000e+00,2.995680915672220551e-05,0.000000000000000000e+00,3.230208298195218861e-208,0.000000000000000000e+00,3.606767352421879990e-259,0.000000000000000000e+00,1.744904814365856247e-03,6.550166976186210244e-01,1.610994295864193844e-166,5.152979286438475263e-153,1.920357965862412115e-266,0.000000000000000000e+00,2.427148760225425555e-234,1.612402856169624040e-183,0.000000000000000000e+00,0.000000000000000000e+00,1.830398311707609601e-03,1.313722136633608669e-277,4.777381117072097209e-282,1.230746568111712414e-04,0.000000000000000000e+00,1.369849347860651065e-235,1.227025571947122278e-248,1.856507909943748253e-223,1.462121121026872458e-02,7.390193337590297113e-05,0.000000000000000000e+00,8.116214542614379702e-243,0.000000000000000000e+00,1.413495238687474366e-277,5.284460690854413523e-21,5.103919313909763672e-278,1.672539923035005227e-261,2.408537948451657052e-292,1.859753295681428963e-189,9.375527591740113201e-106,5.138413235228806607e-05,7.998293297777444482e-04,0.000000000000000000e+00,7.924439901976576897e-04,2.166247259016208668e-218,0.000000000000000000e+00,9.305889081773426437e-291,0.000000000000000000e+00,2.748463294440559980e-264,1.746760965437796457e-238,0.000000000000000000e+00,0.000000000000000000e+00,6.967735214174932921e-75,0.000000000000000000e+00,1.995058472776822375e-217,1.415709459763257664e-193,6.180620668884900993e-284,1.295170965557402406e-05,0.000000000000000000e+00,0.000000000000000000e+00,3.239302911928552131e-01,5.744356792860449547e-278,0.000000000000000000e+00,0.000000000000000000e+00,0.000000000000000000e+00,7.578729375241280963e-234,0.000000000000000000e+00,4.082187754824549096e-318,1.319155274396128273e-320,1.105544694371432428e-93,7.880696643956604027e-285,0.000000000000000000e+00,3.388336221247651805e-278,2.478519437854296323e-04,1.582518976113744717e-312,1.602097950342184048e-283
3.371274451110346893e-155,0.000000000000000000e+00,1.080266809647542705e-207,0.000000000000000000e+00,5.069245188609418524e-188,0.000000000000000000e+00,6.145441599184459612e-04,0.000000000000000000e+00,1.122168609275813673e-172,2.300377004492536955e-207,1.427847848532191234e-218,8.282976108339379465e-209,1.254785669687481414e-169,0.000000000000000000e+00,3.967012347172889190e-03,2.879874021772244049e-52,0.000000000000000000e+00,0.000000000000000000e+00,0.000000000000000000e+00,1.075100046729961672e-278,0.000000000000000000e+00,0.000000000000000000e+00,1.108941278043396907e-03,1.973370100995631244e-04,0.000000000000000000e+00,0.000000000000000000e+00,5.626647282958502550e-223,0.000000000000000000e+00,0.000000000000000000e+00,2.793302030421213554e-141,2.350140525142556088e-04,2.555088720608393265e-197,0.000000000000000000e+00,0.000000000000000000e+00,0.000000000000000000e+00,1.251490363952182935e-233,8.607312666385580873e-126,0.000000000000000000e+00,6.565457285635316581e-05,4.997515873293958858e-218,0.000000000000000000e+00,0.000000000000000000e+00,0.000000000000000000e+00,0.000000000000000000e+00,0.000000000000000000e+00,2.733939809393194205e-191,0.000000000000000000e+00,0.000000000000000000e+00,2.607320946317564088e-205,1.704706496474484209e-127,5.204801209716341863e-06,1.268777114612012638e-65,6.206624978419710111e-231,2.752733452873661020e-176,1.832572440099875835e-155,4.119175947436149825e-101,0.000000000000000000e+00,0.000000000000000000e+00,0.000000000000000000e+00,3.962342039541794200e-04,0.000000000000000000e+00,4.080039590030997741e-183,0.000000000000000000e+00,3.008326968149349451e-266,7.416463692425117171e-229,1.213579741950915217e-282,0.000000000000000000e+00,9.526160563682393168e-01,0.000000000000000000e+00,0.000000000000000000e+00,0.000000000000000000e+00,6.539984212864800285e-219,1.951464048602264507e-232,0.000000000000000000e+00,0.000000000000000000e+00,0.000000000000000000e+00,3.997107533215095432e-02,1.561351865222516706e-274,0.000000000000000000e+00,2.544732966457396742e-221,1.665710469819100766e-04,5.726135709742716822e-34,0.000000000000000000e+00,0.000000000000000000e+00,1.769305863018718544e-27,0.000000000000000000e+00,4.624941683613427473e-197,3.335663111371973249e-309,0.000000000000000000e+00,3.747412745317479579e-92,0.000000000000000000e+00,2.899933656233330418e-04,3.539539824559454861e-04,0.000000000000000000e+00,3.808019996252268762e-168,0.000000000000000000e+00,1.170506893680395838e-207,8.435009440014460144e-211,0.000000000000000000e+00,1.240747877984413313e-05
4.673699976352353188e-212,1.204144505824046876e-302,8.901368343022928635e-04,0.000000000000000000e+00,1.875966150076773778e-05,0.000000000000000000e+00,2.337396396879658797e-04,0.000000000000000000e+00,3.192603270297707848e-03,1.351371926001132763e-223,0.000000000000000000e+00,3.077749110331861986e-04,1.055214523074073824e-132,0.000000000000000000e+00,6.866500229610039177e-06,2.002833702202289691e-245,0.000000000000000000e+00,0.000000000000000000e+00,0.000000000000000000e+00,2.351698882149233822e-05,0.000000000000000000e+00,0.000000000000000000e+00,6.683578962364935811e-313,3.220181197508393822e-01,0.000000000000000000e+00,0.000000000000000000e+00,9.468836309712193181e-04,0.000000000000000000e+00,0.000000000000000000e+00,3.755260576730150013e-01,2.958907222433062845e-13,1.733731709919568194e-265,1.057300482100267605e-321,0.000000000000000000e+00,0.000000000000000000e+00,3.475575599926763471e-78,3.018676096788745940e-03,0.000000000000000000e+00,1.617249032206063704e-152,3.758722524707619841e-04,0.000000000000000000e+00,0.000000000000000000e+00,0.000000000000000000e+00,0.000000000000000000e+00,0.000000000000000000e+00,2.436000414252711133e-01,0.000000000000000000e+00,0.000000000000000000e+00,0.000000000000000000e+00,2.684489424102050759e-03,2.622393355988285497e-03,6.120512902859365721e-246,0.000000000000000000e+00,1.592867378134836095e-129,3.364884833226904851e-04,4.527897404921559302e-03,0.000000000000000000e+00,0.000000000000000000e+00,0.000000000000000000e+00,1.972555947266131405e-184,0.000000000000000000e+00,3.108836948611024172e-03,0.000000000000000000e+00,6.636564684569353639e-03,8.483077663327410024e-221,6.412819193408859410e-183,0.000000000000000000e+00,1.648662616270010458e-04,0.000000000000000000e+00,0.000000000000000000e+00,0.000000000000000000e+00,8.257385319659732973e-178,6.245955517236967099e-05,0.000000000000000000e+00,0.000000000000000000e+00,0.000000000000000000e+00,2.142831237188526350e-04,0.000000000000000000e+00,8.837836456576829716e-211,1.039980231311015552e-02,1.111024262482293449e-03,6.512096755774201239e-03,0.000000000000000000e+00,0.000000000000000000e+00,2.347365817969397639e-04,0.000000000000000000e+00,2.427402060406817862e-276,7.390271140594285252e-04,0.000000000000000000e+00,3.934724434842932575e-06,0.000000000000000000e+00,7.503403793195925394e-142,1.475266904035979382e-201,0.000000000000000000e+00,9.564984044782971068e-03,0.000000000000000000e+00,6.042292371583533580e-04,8.994060772299790793e-06,0.000000000000000000e+00,3.038430280702723819e-04
0.000000000000000000e+00,0.000000000000000000e+00,6.824533148897237977e-83,0.000000000000000000e+00,3.161307178404077529e-308,6.349959992850509344e-04,0.000000000000000000e+00,7.082279144102123765e-165,3.490866837208796995e-187,1.505838822920299305e-28,0.000000000000000000e+00,7.924422344987322540e-04,2.331920675164420826e-05,2.503311262896427969e-03,9.930815830780823322e-05,0.000000000000000000e+00,8.075362571206083058e-176,6.213099863659225439e-03,2.312227222537033827e-321,0.000000000000000000e+00,0.000000000000000000e+00,3.179070109640351986e-05,0.000000000000000000e+00,0.000000000000000000e+00,0.000000000000000000e+00,4.009364981705746323e-285,1.791030221614580275e-251,1.396434262714064153e-04,3.700849031123773242e-04,2.401329156484306639e-04,0.000000000000000000e+00,7.700803595469173385e-319,0.000000000000000000e+00,2.941512425898385856e-277,1.557224905843321479e-04,0.000000000000000000e+00,1.069806666151650737e-03,3.862685580330328587e-258,3.152257347943542465e-04,1.011884277660158270e-04,4.456670493850546644e-03,1.983782983037757277e-04,7.875401582177254728e-04,2.884361735010801896e-04,1.448412873284085510e-05,8.761502636243727847e-05,1.202303197347513166e-03,0.000000000000000000e+00,0.000000000000000000e+00,2.386448594656348694e-252,0.000000000000000000e+00,3.453093255518892448e-127,5.596072602047345999e-197,1.922175573854683803e-04,2.870209463499005537e-03,0.000000000000000000e+00,0.000000000000000000e+00,1.266554862386201977e-03,2.119133261872418715e-05,0.000000000000000000e+00,2.525968782663029527e-06,6.396763509291294608e-06,8.304910903188460874e-304,6.275680762142253119e-70,1.419398931130806945e-04,3.652571376580309170e-01,2.819646008029300837e-04,1.665206183008958691e-94,7.844958303673198513e-48,0.000000000000000000e+00,1.033508406388385656e-03,0.000000000000000000e+00,1.145242699208072756e-01,4.874303422545118547e-05,1.348425606763171215e-78,2.665679722800112799e-50,0.000000000000000000e+00,5.366351951455448627e-06,0.000000000000000000e+00,1.270652485692027819e-05,1.114903774665923980e-04,1.344972594946064802e-05,2.259266571058545905e-05,4.860760461631514762e-01,8.119156151413478103e-317,1.262745241214678290e-04,0.000000000000000000e+00,1.534057536768516613e-202,1.613518548192399227e-03,0.000000000000000000e+00,0.000000000000000000e+00,3.856124173369200089e-189,1.913873724069045559e-106,3.715774179214962366e-176,0.000000000000000000e+00,4.894030430027656854e-05,3.169785631250234860e-03,2.502394638417777643e-03,9.252756159421444363e-04,6.442127578188584482e-130
0.000000000000000000e+00,0.000000000000000000e+00,0.000000000000000000e+00,0.000000000000000000e+00,0.000000000000000000e+00,7.910459049773987950e-02,0.000000000000000000e+00,0.000000000000000000e+00,1.681407954838357731e-100,0.000000000000000000e+00,0.000000000000000000e+00,0.000000000000000000e+00,0.000000000000000000e+00,1.187665483757660833e-242,8.516657085253595694e-312,0.000000000000000000e+00,0.000000000000000000e+00,4.245793328155241797e-01,3.265555392304798546e-05,0.000000000000000000e+00,0.000000000000000000e+00,0.000000000000000000e+00,0.000000000000000000e+00,0.000000000000000000e+00,0.000000000000000000e+00,0.000000000000000000e+00,0.000000000000000000e+00,2.020728491490698366e-321,0.000000000000000000e+00,0.000000000000000000e+00,0.000000000000000000e+00,0.000000000000000000e+00,1.934667453545365755e-04,0.000000000000000000e+00,1.748918131116133082e-05,0.000000000000000000e+00,3.195557703826130623e-50,0.000000000000000000e+00,0.000000000000000000e+00,0.000000000000000000e+00,1.346905052164450722e-01,2.935527845176763092e-261,0.000000000000000000e+00,0.000000000000000000e+00,0.000000000000000000e+00,0.000000000000000000e+00,0.000000000000000000e+00,0.000000000000000000e+00,0.000000000000000000e+00,0.000000000000000000e+00,0.000000000000000000e+00,0.000000000000000000e+00,0.000000000000000000e+00,0.000000000000000000e+00,0.000000000000000000e+00,0.000000000000000000e+00,0.000000000000000000e+00,2.137043873645357646e-04,1.091968458675871988e-04,0.000000000000000000e+00,2.174073169310022181e-234,0.000000000000000000e+00,0.000000000000000000e+00,0.000000000000000000e+00,0.000000000000000000e+00,1.241701835555366869e-03,3.534720945730680624e-216,0.000000000000000000e+00,0.000000000000000000e+00,0.000000000000000000e+00,3.559847349717171205e-01,0.000000000000000000e+00,4.376685273370509231e-04,0.000000000000000000e+00,0.000000000000000000e+00,0.000000000000000000e+00,0.000000000000000000e+00,0.000000000000000000e+00,0.000000000000000000e+00,1.207662574158918711e-25,0.000000000000000000e+00,2.194242355757814085e-133,0.000000000000000000e+00,3.179455858840087024e-03,1.208344736200274585e-228,3.248383904941362085e-05,0.000000000000000000e+00,0.000000000000000000e+00,0.000000000000000000e+00,0.000000000000000000e+00,0.000000000000000000e+00,0.000000000000000000e+00,0.000000000000000000e+00,0.000000000000000000e+00,0.000000000000000000e+00,0.000000000000000000e+00,1.043434594332019185e-04,7.656741217628255318e-05,9.648753574759904658e-294,2.102852361472248504e-06
6.342565247980912285e-258,3.897251323720382708e-05,4.187427255145080053e-04,1.305921072285284510e-04,5.624047421072575536e-04,0.000000000000000000e+00,1.336052319483898905e-319,6.706649369367899405e-05,0.000000000000000000e+00,2.456120366675754001e-03,2.470190351466884161e-81,5.222248869354296151e-176,9.199791357958415211e-03,1.481596267596505456e-03,1.418974546541815121e-114,2.792716841062337009e-05,8.869538126350152385e-06,0.000000000000000000e+00,3.576541210244783733e-320,2.446768725876687355e-195,0.000000000000000000e+00,5.756921019143995677e-01,3.246540518895414667e-127,1.952616074197403804e-05,1.662527605649984932e-04,1.484582583823936268e-04,3.419074970344029656e-04,1.842004460231865968e-04,7.665396160660666513e-04,5.456820854481249459e-04,7.662292828921559611e-05,0.000000000000000000e+00,0.000000000000000000e+00,2.267713840206808402e-03,7.334321051419538532e-04,0.000000000000000000e+00,1.404522924300981891e-05,9.948166178761822549e-116,5.052142621818971660e-67,1.056968188958945883e-04,4.031317531750688045e-06,7.470424709961427027e-05,1.219171497946868431e-03,1.944796657541563020e-03,9.766256816287536386e-06,4.532545143719188211e-285,5.216814267360170418e-04,0.000000000000000000e+00,0.000000000000000000e+00,5.272112978306737033e-314,3.008809793989356533e-165,4.830371358263102507e-146,1.060943819244140418e-05,1.605679168422920785e-04,4.335520605950453389e-179,0.000000000000000000e+00,8.707529502154556976e-06,6.218230808852305601e-04,1.211495952253252096e-03,0.000000000000000000e+00,7.357671346645959527e-198,1.218097622192788619e-15,5.342203493112216084e-05,1.981033687246840304e-271,6.519513249167418199e-05,2.240687378215059158e-02,5.170078269242252668e-04,2.823690471391389935e-263,4.611702308207634403e-04,0.000000000000000000e+00,0.000000000000000000e+00,1.775213616590481680e-239,1.926320178658543256e-98,6.098815555642442916e-04,7.673993193328185864e-05,4.275182025323516488e-03,2.897935874801915048e-315,0.000000000000000000e+00,0.000000000000000000e+00,8.814151985686952899e-05,3.335558530698196186e-04,2.710088127301750680e-227,9.421569510784806722e-74,0.000000000000000000e+00,1.935922470746776427e-231,2.510269204778140180e-220,0.000000000000000000e+00,0.000000000000000000e+00,3.184617290031853181e-04,0.000000000000000000e+00,2.453270672814468435e-04,2.306537422385970977e-04,0.000000000000000000e+00,1.238638107085021387e-107,4.755723207366540836e-224,2.532809166531416710e-04,3.685965727581532181e-01,1.178920946001098252e-04,1.090235366692341205e-04,5.889071095390863369e-227
0.000000000000000000e+00,0.000000000000000000e+00,0.000000000000000000e+00,2.504028735696014248e-03,0.000000000000000000e+00,0.000000000000000000e+00,0.000000000000000000e+00,2.783646364346626002e-05,0.000000000000000000e+00,0.000000000000000000e+00,0.000000000000000000e+00,0.000000000000000000e+00,0.000000000000000000e+00,4.683101737049793220e-04,0.000000000000000000e+00,0.000000000000000000e+00,5.502364066848245817e-06,0.000000000000000000e+00,5.713534119734317308e-05,0.000000000000000000e+00,0.000000000000000000e+00,2.940211542374149462e-145,0.000000000000000000e+00,0.000000000000000000e+00,0.000000000000000000e+00,8.079884310647129670e-05,0.000000000000000000e+00,9.227548171528863943e-04,0.000000000000000000e+00,0.000000000000000000e+00,0.000000000000000000e+00,0.000000000000000000e+00,0.000000000000000000e+00,4.058678356271026378e-04,0.000000000000000000e+00,0.000000000000000000e+00,0.000000000000000000e+00,3.769256774348658670e-04,0.000000000000000000e+00,0.000000000000000000e+00,0.000000000000000000e+00,6.839852034357375666e-04,5.675327884492147035e-04,0.000000000000000000e+00,7.131965757217373058e-06,0.000000000000000000e+00,0.000000000000000000e+00,0.000000000000000000e+00,0.000000000000000000e+00,0.000000000000000000e+00,0.000000000000000000e+00,0.000000000000000000e+00,0.000000000000000000e+00,0.000000000000000000e+00,0.000000000000000000e+00,0.000000000000000000e+00,0.000000000000000000e+00,1.481978482118885077e-03,9.853084281920865273e-01,0.000000000000000000e+00,4.527649139086964186e-04,0.000000000000000000e+00,2.751501106116148584e-04,0.000000000000000000e+00,0.000000000000000000e+00,8.575149105824789696e-04,4.291024765159428059e-05,0.000000000000000000e+00,1.363380793599778531e-04,0.000000000000000000e+00,0.000000000000000000e+00,0.000000000000000000e+00,1.019012359385263987e-05,9.506658378418194081e-124,1.909481397617258129e-141,3.969988866977325413e-06,0.000000000000000000e+00,0.000000000000000000e+00,0.000000000000000000e+00,0.000000000000000000e+00,0.000000000000000000e+00,0.000000000000000000e+00,7.399107054055371054e-32,0.000000000000000000e+00,1.336401141490957318e-05,2.645882485182838763e-202,0.000000000000000000e+00,0.000000000000000000e+00,4.161342638884947933e-04,0.000000000000000000e+00,0.000000000000000000e+00,0.000000000000000000e+00,0.000000000000000000e+00,2.185222122385731163e-222,0.000000000000000000e+00,5.425155042903814047e-04,4.816172925702908499e-04,0.000000000000000000e+00,3.869313669783282748e-03,0.000000000000000000e+00
3.065629261815593421e-160,0.000000000000000000e+00,1.351615433068680901e-172,0.000000000000000000e+00,8.766670900888798856e-01,0.000000000000000000e+00,6.325214874867982100e-189,0.000000000000000000e+00,1.580026493591012765e-204,0.000000000000000000e+00,2.808680857648225277e-130,3.441486750698840441e-02,3.165053478492172521e-231,0.000000000000000000e+00,3.850488296648340351e-241,4.084666158288438774e-257,0.000000000000000000e+00,0.000000000000000000e+00,0.000000000000000000e+00,0.000000000000000000e+00,0.000000000000000000e+00,0.000000000000000000e+00,0.000000000000000000e+00,3.717191604831473974e-04,2.186194144677702444e-161,0.000000000000000000e+00,4.110663115930272837e-04,0.000000000000000000e+00,0.000000000000000000e+00,4.745600421720426295e-285,2.154447272117531096e-246,1.370994270150170486e-291,0.000000000000000000e+00,0.000000000000000000e+00,0.000000000000000000e+00,0.000000000000000000e+00,7.384410628763452434e-126,0.000000000000000000e+00,3.948581455540827642e-74,5.142126659252357524e-304,0.000000000000000000e+00,0.000000000000000000e+00,0.000000000000000000e+00,0.000000000000000000e+00,0.000000000000000000e+00,9.555030578250210578e-256,0.000000000000000000e+00,0.000000000000000000e+00,0.000000000000000000e+00,1.152156740442719672e-273,2.497752070484084500e-02,9.442461160333395082e-03,0.000000000000000000e+00,2.642870253855311127e-309,2.118145776570461245e-03,4.943788695403306512e-04,3.676977905456299270e-148,0.000000000000000000e+00,0.000000000000000000e+00,0.000000000000000000e+00,0.000000000000000000e+00,2.922319577641315901e-03,0.000000000000000000e+00,4.082773724128046175e-281,1.343937846228056157e-175,0.000000000000000000e+00,0.000000000000000000e+00,9.983856924458718788e-86,0.000000000000000000e+00,3.454864527935661705e-02,0.000000000000000000e+00,2.244528586705904126e-287,8.446179954151442056e-183,0.000000000000000000e+00,0.000000000000000000e+00,0.000000000000000000e+00,3.747355763011796262e-78,0.000000000000000000e+00,0.000000000000000000e+00,1.547990339439439186e-03,6.152812689982477962e-04,0.000000000000000000e+00,0.000000000000000000e+00,0.000000000000000000e+00,0.000000000000000000e+00,0.000000000000000000e+00,1.547057020235711045e-262,1.023634558972072277e-02,0.000000000000000000e+00,2.874000082231592881e-04,7.714474267366936024e-133,0.000000000000000000e+00,0.000000000000000000e+00,0.000000000000000000e+00,4.545728976559978418e-247,0.000000000000000000e+00,9.447683573910163222e-04,0.000000000000000000e+00,0.000000000000000000e+00,2.363086469568980055e-149
3.063491878219055840e-299,5.809444607630208646e-01,0.000000000000000000e+00,0.000000000000000000e+00,0.000000000000000000e+00,0.000000000000000000e+00,1.502885831687802471e-233,0.000000000000000000e+00,0.000000000000000000e+00,0.000000000000000000e+00,5.766292771532562471e-218,1.047026779637710104e-251,3.045831666154861454e-03,4.713190566209258020e-308,0.000000000000000000e+00,0.000000000000000000e+00,0.000000000000000000e+00,0.000000000000000000e+00,0.000000000000000000e+00,1.416647903556745203e-04,0.000000000000000000e+00,2.172980787202837355e-05,0.000000000000000000e+00,0.000000000000000000e+00,4.363986346561117948e-04,0.000000000000000000e+00,3.197978673854186727e-05,0.000000000000000000e+00,0.000000000000000000e+00,4.723465792867948909e-06,6.758587439498516223e-104,0.000000000000000000e+00,0.000000000000000000e+00,0.000000000000000000e+00,0.000000000000000000e+00,6.847763422905613072e-302,1.872406194055642411e-224,0.000000000000000000e+00,0.000000000000000000e+00,0.000000000000000000e+00,0.000000000000000000e+00,1.939412009116349945e-231,0.000000000000000000e+00,4.114220806413217968e-01,0.000000000000000000e+00,4.686190137328181463e-06,0.000000000000000000e+00,0.000000000000000000e+00,3.455468228840481370e-52,0.000000000000000000e+00,0.000000000000000000e+00,0.000000000000000000e+00,0.000000000000000000e+00,3.918553313634708813e-287,0.000000000000000000e+00,0.000000000000000000e+00,4.156708917007912590e-04,0.000000000000000000e+00,0.000000000000000000e+00,0.000000000000000000e+00,0.000000000000000000e+00,0.000000000000000000e+00,0.000000000000000000e+00,1.335650869745337241e-03,0.000000000000000000e+00,9.404537248317432945e-04,9.385475205768133438e-06,0.000000000000000000e+00,0.000000000000000000e+00,0.000000000000000000e+00,0.000000000000000000e+00,0.000000000000000000e+00,1.063003949461737395e-03,0.000000000000000000e+00,0.000000000000000000e+00,0.000000000000000000e+00,1.149031753646037457e-13,0.000000000000000000e+00,0.000000000000000000e+00,1.896806116493292283e-66,0.000000000000000000e+00,6.516845008086782047e-63,0.000000000000000000e+00,0.000000000000000000e+00,0.000000000000000000e+00,5.367720747791698252e-06,0.000000000000000000e+00,0.000000000000000000e+00,0.000000000000000000e+00,0.000000000000000000e+00,0.000000000000000000e+00,0.000000000000000000e+00,4.237579996122408083e-263,0.000000000000000000e+00,0.000000000000000000e+00,0.000000000000000000e+00,6.057843112225924112e-140,1.769116221416568776e-04,0.000000000000000000e+00,3.073093318048709034e-307
0.000000000000000000e+00,0.000000000000000000e+00,0.000000000000000000e+00,1.238960086226919979e-233,0.000000000000000000e+00,1.081729644785901345e-03,0.000000000000000000e+00,1.993861662149300042e-140,1.416189682246168674e-05,3.295617931637405142e-268,0.000000000000000000e+00,2.950350285591924623e-247,0.000000000000000000e+00,8.165626859838622317e-161,6.720507761453700157e-243,0.000000000000000000e+00,4.692149873505545446e-163,3.105618804554624948e-04,1.419667150543613497e-05,0.000000000000000000e+00,0.000000000000000000e+00,1.125787674700434803e-288,0.000000000000000000e+00,0.000000000000000000e+00,0.000000000000000000e+00,9.959724877575787558e-188,0.000000000000000000e+00,2.546095157142515535e-03,0.000000000000000000e+00,0.000000000000000000e+00,0.000000000000000000e+00,0.000000000000000000e+00,0.000000000000000000e+00,2.483288346489560296e-03,7.931632045756935935e-217,0.000000000000000000e+00,1.351753843135659487e-05,2.068962244852023255e-76,0.000000000000000000e+00,0.000000000000000000e+00,1.693072789443670050e-03,5.380712748090343696e-214,7.636322227942693117e-207,0.000000000000000000e+00,3.570313889063296915e-203,0.000000000000000000e+00,1.415215955343534860e-05,0.000000000000000000e+00,0.000000000000000000e+00,0.000000000000000000e+00,0.000000000000000000e+00,0.000000000000000000e+00,0.000000000000000000e+00,0.000000000000000000e+00,5.929267981902716222e-317,0.000000000000000000e+00,0.000000000000000000e+00,9.781667292229884181e-01,6.193361881152452311e-04,0.000000000000000000e+00,1.396620214467046066e-04,0.000000000000000000e+00,3.743023583831338223e-138,0.000000000000000000e+00,3.455641817151990635e-235,4.236368625987490047e-03,2.619868410470757559e-04,0.000000000000000000e+00,1.771654983026387874e-110,0.000000000000000000e+00,1.924682319202308941e-03,0.000000000000000000e+00,1.479570057823140954e-03,6.898509863836966664e-164,6.290605014762086899e-167,3.497264411726475214e-221,0.000000000000000000e+00,0.000000000000000000e+00,0.000000000000000000e+00,3.194206556162127603e-153,0.000000000000000000e+00,0.000000000000000000e+00,2.875988341242126227e-126,6.719657874811988828e-05,4.009614210808571167e-241,2.868288501504955463e-05,0.000000000000000000e+00,0.000000000000000000e+00,1.557942412410389995e-216,0.000000000000000000e+00,0.000000000000000000e+00,0.000000000000000000e+00,0.000000000000000000e+00,3.084984286412682077e-101,0.000000000000000000e+00,5.034527071688773203e-04,4.583723084219054598e-154,1.415868334022901715e-05,4.387397784487595022e-03,0.000000000000000000e+00
0.000000000000000000e+00,0.000000000000000000e+00,0.000000000000000000e+00,2.153175591207071807e-03,0.000000000000000000e+00,8.099356030937263160e-05,0.000000000000000000e+00,2.874569896657665647e-03,0.000000000000000000e+00,0.000000000000000000e+00,0.000000000000000000e+00,0.000000000000000000e+00,0.000000000000000000e+00,6.289633082630209193e-05,0.000000000000000000e+00,0.000000000000000000e+00,7.279872144754216158e-04,0.000000000000000000e+00,1.194025412968865654e-04,0.000000000000000000e+00,1.939637843363340481e-06,1.334544519117161375e-04,0.000000000000000000e+00,0.000000000000000000e+00,0.000000000000000000e+00,2.927657560373431861e-03,0.000000000000000000e+00,4.607474534495573066e-05,0.000000000000000000e+00,0.000000000000000000e+00,0.000000000000000000e+00,0.000000000000000000e+00,3.175283116232551815e-202,3.626387500591269838e-04,0.000000000000000000e+00,0.000000000000000000e+00,9.076993153622819385e-83,1.476210178025286722e-03,0.000000000000000000e+00,0.000000000000000000e+00,3.672269889521246705e-05,2.630310358661606673e-01,3.733166324837809539e-04,9.831976094630309857e-05,2.027164320277271004e-01,0.000000000000000000e+00,0.000000000000000000e+00,0.000000000000000000e+00,0.000000000000000000e+00,0.000000000000000000e+00,0.000000000000000000e+00,0.000000000000000000e+00,0.000000000000000000e+00,0.000000000000000000e+00,0.000000000000000000e+00,0.000000000000000000e+00,0.000000000000000000e+00,6.627549555504715629e-120,4.572494306413769547e-04,0.000000000000000000e+00,2.118277495488601432e-78,0.000000000000000000e+00,4.926241329690094926e-04,0.000000000000000000e+00,0.000000000000000000e+00,1.644651404391204346e-03,2.073653642062475710e-01,0.000000000000000000e+00,2.450695271546762637e-03,0.000000000000000000e+00,0.000000000000000000e+00,0.000000000000000000e+00,1.556091617580783882e-04,1.100350525177597665e-04,1.005023075106149522e-01,1.047336527094868894e-03,0.000000000000000000e+00,0.000000000000000000e+00,0.000000000000000000e+00,8.460188668669234894e-30,0.000000000000000000e+00,0.000000000000000000e+00,9.748374600771974674e-04,0.000000000000000000e+00,4.348655310916077081e-05,1.242127340471328306e-01,0.000000000000000000e+00,0.000000000000000000e+00,1.026050022489170231e-05,0.000000000000000000e+00,0.000000000000000000e+00,0.000000000000000000e+00,0.000000000000000000e+00,7.819293281695886833e-02,0.000000000000000000e+00,4.138135139085695469e-03,8.657867617471196270e-05,0.000000000000000000e+00,8.923346649115630356e-04,0.000000000000000000e+00
0.000000000000000000e+00,0.000000000000000000e+00,0.000000000000000000e+00,3.680429106087853273e-04,0.000000000000000000e+00,0.000000000000000000e+00,0.000000000000000000e+00,2.691871211013505041e-03,0.000000000000000000e+00,0.000000000000000000e+00,0.000000000000000000e+00,0.000000000000000000e+00,0.000000000000000000e+00,9.724155741818599013e-05,0.000000000000000000e+00,0.000000000000000000e+00,5.808927564033640511e-04,0.000000000000000000e+00,4.746336223065758796e-05,0.000000000000000000e+00,2.828122514077693168e-275,1.807773451326211795e-04,0.000000000000000000e+00,0.000000000000000000e+00,0.000000000000000000e+00,2.721162155052304498e-04,0.000000000000000000e+00,2.749215329975841305e-04,0.000000000000000000e+00,0.000000000000000000e+00,0.000000000000000000e+00,0.000000000000000000e+00,7.214513776081764047e-05,5.992781725766437723e-02,3.320938404983829422e-245,0.000000000000000000e+00,0.000000000000000000e+00,3.259015685584460819e-03,0.000000000000000000e+00,0.000000000000000000e+00,0.000000000000000000e+00,3.486254382144234922e-04,2.535796745871310431e-01,2.183492970527108317e-05,1.108183832467039527e-04,0.000000000000000000e+00,0.000000000000000000e+00,0.000000000000000000e+00,0.000000000000000000e+00,0.000000000000000000e+00,0.000000000000000000e+00,0.000000000000000000e+00,0.000000000000000000e+00,0.000000000000000000e+00,0.000000000000000000e+00,0.000000000000000000e+00,0.000000000000000000e+00,9.604704762173207902e-06,8.849869014152768809e-04,0.000000000000000000e+00,1.603101602649362745e-01,0.000000000000000000e+00,1.248982592740704165e-04,0.000000000000000000e+00,0.000000000000000000e+00,5.819149439490054398e-04,9.546931974834203116e-06,0.000000000000000000e+00,3.177090484042621016e-04,0.000000000000000000e+00,0.000000000000000000e+00,0.000000000000000000e+00,5.088500802785870906e-04,2.531464306788775014e-05,2.841771956798421622e-04,1.408318886056816044e-01,1.963969994220646532e-06,0.000000000000000000e+00,0.000000000000000000e+00,0.000000000000000000e+00,0.000000000000000000e+00,0.000000000000000000e+00,1.189938313933930911e-03,0.000000000000000000e+00,4.461198227565153705e-308,1.083071578076639515e-290,0.000000000000000000e+00,0.000000000000000000e+00,3.716044833138774095e-01,0.000000000000000000e+00,0.000000000000000000e+00,0.000000000000000000e+00,0.000000000000000000e+00,3.714409644130795690e-04,0.000000000000000000e+00,2.568020982064480586e-04,1.935566279796258483e-04,0.000000000000000000e+00,6.595048215545359829e-04,0.000000000000000000e+00
2.724264181258854000e-05,5.901403565315979578e-292,3.858005214439048187e-04,0.000000000000000000e+00,2.002288983203165757e-06,0.000000000000000000e+00,3.522888582281904490e-01,0.000000000000000000e+00,1.867832104152580260e-283,0.000000000000000000e+00,0.000000000000000000e+00,3.286918955184693712e-03,1.066855240163465300e-262,0.000000000000000000e+00,1.273510759433038315e-04,2.293899786698393173e-01,0.000000000000000000e+00,0.000000000000000000e+00,0.000000000000000000e+00,1.220933036506767445e-04,2.000356143568964933e-06,0.000000000000000000e+00,0.000000000000000000e+00,3.399309714615664972e-05,0.000000000000000000e+00,0.000000000000000000e+00,4.087295276993540422e-03,0.000000000000000000e+00,0.000000000000000000e+00,6.160506215358359401e-05,8.910306896524003038e-04,1.086083620228230256e-266,0.000000000000000000e+00,0.000000000000000000e+00,0.000000000000000000e+00,6.026712846294854339e-06,2.489867225415497891e-04,0.000000000000000000e+00,9.782066488738508717e-03,0.000000000000000000e+00,0.000000000000000000e+00,0.000000000000000000e+00,0.000000000000000000e+00,0.000000000000000000e+00,0.000000000000000000e+00,2.153536777520775700e-134,0.000000000000000000e+00,0.000000000000000000e+00,0.000000000000000000e+00,2.376597171133393684e-04,1.541872141114935830e-04,1.004871718764770811e-06,5.285493090310929628e-05,1.029759902714529290e-271,2.036236673799597397e-271,1.528081279710169859e-189,0.000000000000000000e+00,0.000000000000000000e+00,0.000000000000000000e+00,1.372389078220398184e-01,0.000000000000000000e+00,8.954546806699957995e-04,0.000000000000000000e+00,8.489745284681380992e-05,0.000000000000000000e+00,7.307689644815890568e-06,0.000000000000000000e+00,8.175552574210596355e-06,0.000000000000000000e+00,0.000000000000000000e+00,0.000000000000000000e+00,1.976262583364986177e-323,3.708133995798451794e-04,0.000000000000000000e+00,0.000000000000000000e+00,0.000000000000000000e+00,8.462122029223824243e-06,0.000000000000000000e+00,2.021804915914529731e-250,3.249301899017041813e-03,7.163606031974266647e-05,1.474474755358825217e-04,0.000000000000000000e+00,0.000000000000000000e+00,0.000000000000000000e+00,0.000000000000000000e+00,2.558190100512894305e-01,0.000000000000000000e+00,0.000000000000000000e+00,2.771247276316795370e-05,0.000000000000000000e+00,4.004048646686860814e-04,6.006512088224351731e-06,0.000000000000000000e+00,4.671950523577941545e-04,0.000000000000000000e+00,8.310067464928851239e-06,2.921671336033573816e-269,0.000000000000000000e+00,4.166614208809577509e-163
3.308141621630959388e-227,3.230953699044091813e-83,4.152177679280804652e-05,0.000000000000000000e+00,2.236200811966915165e-06,0.000000000000000000e+00,9.766686113721354066e-04,0.000000000000000000e+00,3.677743260785547308e-02,2.630532348604838275e-05,0.000000000000000000e+00,7.094913422745646736e-02,6.887577988473588605e-05,0.000000000000000000e+00,1.673262135611178496e-04,5.822019734506290968e-04,0.000000000000000000e+00,4.763447524360321162e-269,0.000000000000000000e+00,2.276666744540777748e-02,9.828921882382813577e-07,0.000000000000000000e+00,2.259942094728039825e-05,4.618658759838427516e-04,0.000000000000000000e+00,0.000000000000000000e+00,3.821647447190238572e-04,0.000000000000000000e+00,0.000000000000000000e+00,8.319455893122010932e-04,1.958205211123419665e-01,4.114931863570986696e-05,1.780399287411238667e-07,0.000000000000000000e+00,0.000000000000000000e+00,2.220489282410308054e-05,1.413376582663732339e-01,0.000000000000000000e+00,1.288046842815606108e-01,5.934397678664100751e-106,0.000000000000000000e+00,0.000000000000000000e+00,0.000000000000000000e+00,4.322026123802199951e-175,0.000000000000000000e+00,3.231325073850534690e-04,0.000000000000000000e+00,0.000000000000000000e+00,0.000000000000000000e+00,8.402501289941564921e-02,7.319228780935263068e-05,8.340198926422243967e-100,7.979900868119255949e-258,3.554372138766347377e-05,2.194488905138350935e-05,3.121033013614904058e-06,0.000000000000000000e+00,0.000000000000000000e+00,0.000000000000000000e+00,9.233316594312448455e-06,0.000000000000000000e+00,3.546935997052011349e-04,0.000000000000000000e+00,4.634329163756462089e-02,5.698776946189456299e-298,1.034511946664542442e-273,0.000000000000000000e+00,2.095928207737585172e-05,0.000000000000000000e+00,0.000000000000000000e+00,0.000000000000000000e+00,4.972387392391212425e-51,5.465065627656344287e-04,0.000000000000000000e+00,0.000000000000000000e+00,0.000000000000000000e+00,7.359475713091582453e-05,2.811070627826197561e-06,4.857350319229984964e-33,7.523498833001454047e-04,3.843408338541396286e-03,2.620196755590025184e-01,0.000000000000000000e+00,0.000000000000000000e+00,1.923254793881889946e-159,0.000000000000000000e+00,3.682809343557960763e-17,1.943814861849766684e-06,0.000000000000000000e+00,2.125821010410939929e-34,0.000000000000000000e+00,3.579674020435984422e-04,3.852076010684050365e-05,0.000000000000000000e+00,4.362488375204391514e-04,0.000000000000000000e+00,1.185164966811469504e-04,9.294934430601666116e-05,0.000000000000000000e+00,4.210574042133770887e-04
0.000000000000000000e+00,1.078708368640291605e-04,0.000000000000000000e+00,0.000000000000000000e+00,2.496306988124267507e-223,0.000000000000000000e+00,0.000000000000000000e+00,0.000000000000000000e+00,0.000000000000000000e+00,0.000000000000000000e+00,2.243928268721096242e-01,0.000000000000000000e+00,7.403156381992807844e-02,0.000000000000000000e+00,1.800919282906834160e-06,0.000000000000000000e+00,0.000000000000000000e+00,0.000000000000000000e+00,0.000000000000000000e+00,1.842173144655179930e-140,1.800911630055162208e-06,2.058717034252949599e-209,0.000000000000000000e+00,0.000000000000000000e+00,2.029411413065920211e-01,0.000000000000000000e+00,1.127654624811275135e-04,0.000000000000000000e+00,1.189744459729940072e-111,0.000000000000000000e+00,0.000000000000000000e+00,0.000000000000000000e+00,0.000000000000000000e+00,0.000000000000000000e+00,0.000000000000000000e+00,4.135184899486651287e-05,0.000000000000000000e+00,0.000000000000000000e+00,0.000000000000000000e+00,0.000000000000000000e+00,0.000000000000000000e+00,0.000000000000000000e+00,0.000000000000000000e+00,4.596919714236245245e-05,0.000000000000000000e+00,0.000000000000000000e+00,0.000000000000000000e+00,0.000000000000000000e+00,1.261124660524535583e-05,0.000000000000000000e+00,4.967161025221660076e-229,1.015093048430460574e-196,0.000000000000000000e+00,0.000000000000000000e+00,1.643827557255246933e-05,0.000000000000000000e+00,2.500450101971680716e-01,0.000000000000000000e+00,0.000000000000000000e+00,0.000000000000000000e+00,0.000000000000000000e+00,8.525819495499881771e-79,0.000000000000000000e+00,0.000000000000000000e+00,0.000000000000000000e+00,4.731643701388207730e-175,0.000000000000000000e+00,0.000000000000000000e+00,0.000000000000000000e+00,2.489193631827034879e-317,0.000000000000000000e+00,0.000000000000000000e+00,5.408607239009373445e-04,0.000000000000000000e+00,0.000000000000000000e+00,0.000000000000000000e+00,4.860725422238470437e-05,0.000000000000000000e+00,0.000000000000000000e+00,0.000000000000000000e+00,0.000000000000000000e+00,0.000000000000000000e+00,0.000000000000000000e+00,0.000000000000000000e+00,1.459263886908009522e-04,0.000000000000000000e+00,0.000000000000000000e+00,2.495433909129062896e-203,0.000000000000000000e+00,9.324238314802822620e-120,2.468686857890113051e-01,0.000000000000000000e+00,0.000000000000000000e+00,0.000000000000000000e+00,0.000000000000000000e+00,0.000000000000000000e+00,6.255298193501019743e-04,0.000000000000000000e+00,0.000000000000000000e+00,1.923913045356554567e-05
3.976501555239293773e-02,0.000000000000000000e+00,0.000000000000000000e+00,0.000000000000000000e+00,0.000000000000000000e+00,0.000000000000000000e+00,8.892359959883408668e-06,0.000000000000000000e+00,0.000000000000000000e+00,3.077049088138715804e-01,0.000000000000000000e+00,1.775112670248990380e-06,0.000000000000000000e+00,0.000000000000000000e+00,1.196695531843008442e-03,0.000000000000000000e+00,0.000000000000000000e+00,0.000000000000000000e+00,0.000000000000000000e+00,1.750731918746406709e-243,0.000000000000000000e+00,0.000000000000000000e+00,5.826830577066668829e-04,2.597670042081652580e-249,0.000000000000000000e+00,0.000000000000000000e+00,3.566434495663086936e-05,0.000000000000000000e+00,0.000000000000000000e+00,0.000000000000000000e+00,1.496638922517792088e-04,3.278770012137157785e-04,0.000000000000000000e+00,0.000000000000000000e+00,0.000000000000000000e+00,0.000000000000000000e+00,5.241252182087114459e-06,0.000000000000000000e+00,1.975058677332623333e-04,1.255909098479549846e-01,0.000000000000000000e+00,0.000000000000000000e+00,0.000000000000000000e+00,0.000000000000000000e+00,0.000000000000000000e+00,8.905833515017188052e-06,0.000000000000000000e+00,0.000000000000000000e+00,0.000000000000000000e+00,3.052187016680266911e-04,0.000000000000000000e+00,0.000000000000000000e+00,0.000000000000000000e+00,0.000000000000000000e+00,0.000000000000000000e+00,0.000000000000000000e+00,0.000000000000000000e+00,0.000000000000000000e+00,0.000000000000000000e+00,0.000000000000000000e+00,0.000000000000000000e+00,1.725019589218287225e-04,0.000000000000000000e+00,0.000000000000000000e+00,0.000000000000000000e+00,0.000000000000000000e+00,0.000000000000000000e+00,9.689799313974914073e-05,0.000000000000000000e+00,0.000000000000000000e+00,0.000000000000000000e+00,9.868492469332765249e-02,4.820577303864574605e-04,0.000000000000000000e+00,0.000000000000000000e+00,0.000000000000000000e+00,3.314046263037009996e-04,1.131703388789955800e-01,0.000000000000000000e+00,4.388954303214103860e-163,1.020999913014063306e-04,5.110204555969375136e-55,0.000000000000000000e+00,0.000000000000000000e+00,1.779445290294722603e-06,0.000000000000000000e+00,4.382232964944667296e-232,0.000000000000000000e+00,0.000000000000000000e+00,0.000000000000000000e+00,0.000000000000000000e+00,3.091264258285895683e-01,3.081807460536777733e-05,0.000000000000000000e+00,2.474089887328287447e-05,0.000000000000000000e+00,2.915691648723992005e-05,1.849604287062038080e-05,0.000000000000000000e+00,1.847399750987443676e-03
2.296723091333197108e-04,0.000000000000000000e+00,0.000000000000000000e+00,0.000000000000000000e+00,1.388275534955503952e-05,0.000000000000000000e+00,5.695080537657890582e-05,0.000000000000000000e+00,6.345749538963728331e-05,5.047923692034658695e-04,0.000000000000000000e+00,1.372099792313355383e-04,0.000000000000000000e+00,0.000000000000000000e+00,2.314681202810272009e-01,0.000000000000000000e+00,0.000000000000000000e+00,0.000000000000000000e+00,0.000000000000000000e+00,0.000000000000000000e+00,1.915669682051791471e-06,0.000000000000000000e+00,4.359339306068056863e-01,1.034408305794327855e-04,0.000000000000000000e+00,0.000000000000000000e+00,2.504091439213451046e-04,0.000000000000000000e+00,2.681928895525067928e-04,0.000000000000000000e+00,2.742921740876391566e-05,1.534500759580200158e-01,0.000000000000000000e+00,0.000000000000000000e+00,0.000000000000000000e+00,3.831692659243233808e-06,5.619391459644277130e-164,0.000000000000000000e+00,3.866572929195709415e-06,4.908472255087116889e-03,0.000000000000000000e+00,0.000000000000000000e+00,0.000000000000000000e+00,0.000000000000000000e+00,0.000000000000000000e+00,9.331665926037492444e-06,0.000000000000000000e+00,0.000000000000000000e+00,0.000000000000000000e+00,1.307183958373174504e-04,3.883451617308127186e-06,3.948616992007052817e-06,0.000000000000000000e+00,0.000000000000000000e+00,0.000000000000000000e+00,1.915698491477447763e-06,0.000000000000000000e+00,0.000000000000000000e+00,0.000000000000000000e+00,0.000000000000000000e+00,0.000000000000000000e+00,2.830189740551512969e-06,0.000000000000000000e+00,1.911022553166893408e-06,0.000000000000000000e+00,0.000000000000000000e+00,0.000000000000000000e+00,1.334681596272046871e-04,0.000000000000000000e+00,0.000000000000000000e+00,0.000000000000000000e+00,3.725150401218874411e-04,6.535741972624861586e-04,0.000000000000000000e+00,0.000000000000000000e+00,0.000000000000000000e+00,8.187277960767589801e-04,7.235358326877503257e-04,0.000000000000000000e+00,0.000000000000000000e+00,8.612142571845584709e-86,4.825195295743988389e-183,0.000000000000000000e+00,0.000000000000000000e+00,0.000000000000000000e+00,0.000000000000000000e+00,0.000000000000000000e+00,0.000000000000000000e+00,0.000000000000000000e+00,4.134276817965166888e-05,0.000000000000000000e+00,9.589841262943861553e-04,2.862596730506660608e-02,0.000000000000000000e+00,2.008628249090048487e-04,0.000000000000000000e+00,2.161947310140503286e-04,8.210343003209610995e-282,0.000000000000000000e+00,1.396746373462459112e-01
0.000000000000000000e+00,0.000000000000000000e+00,1.768845654844495912e-03,0.000000000000000000e+00,0.000000000000000000e+00,0.000000000000000000e+00,0.000000000000000000e+00,0.000000000000000000e+00,0.000000000000000000e+00,0.000000000000000000e+00,0.000000000000000000e+00,5.326759681953298434e-117,6.548721365434964913e-85,0.000000000000000000e+00,0.000000000000000000e+00,2.072311019992237038e-316,0.000000000000000000e+00,0.000000000000000000e+00,0.000000000000000000e+00,0.000000000000000000e+00,4.184928398909808510e-06,8.534404263870627773e-06,0.000000000000000000e+00,6.391504436641932140e-317,0.000000000000000000e+00,0.000000000000000000e+00,7.510771339834899215e-233,1.593550771259973423e-04,9.752066281819339322e-01,1.571440714610748057e-286,0.000000000000000000e+00,0.000000000000000000e+00,0.000000000000000000e+00,0.000000000000000000e+00,5.575510075996947118e-03,1.479516622714443718e-130,3.100755790436788326e-247,0.000000000000000000e+00,7.099732125403170014e-209,1.043768448817570273e-139,0.000000000000000000e+00,0.000000000000000000e+00,0.000000000000000000e+00,0.000000000000000000e+00,0.000000000000000000e+00,0.000000000000000000e+00,2.334813128883809260e-03,4.750189129345693158e-04,0.000000000000000000e+00,4.159018016804838462e-06,3.794280847678989060e-312,3.761562502834550470e-312,6.107123517750870714e-03,6.647115741750308192e-03,1.030746374126152155e-305,0.000000000000000000e+00,0.000000000000000000e+00,1.754309348805163433e-113,0.000000000000000000e+00,0.000000000000000000e+00,0.000000000000000000e+00,1.638846806876086527e-261,0.000000000000000000e+00,1.038497298429935149e-191,4.535647911377754045e-04,4.080229486080655431e-04,0.000000000000000000e+00,1.169629800069772984e-04,0.000000000000000000e+00,0.000000000000000000e+00,0.000000000000000000e+00,0.000000000000000000e+00,5.104717977262347587e-04,0.000000000000000000e+00,0.000000000000000000e+00,0.000000000000000000e+00,0.000000000000000000e+00,0.000000000000000000e+00,0.000000000000000000e+00,1.226922944493871574e-314,0.000000000000000000e+00,1.107637647804962327e-300,0.000000000000000000e+00,0.000000000000000000e+00,9.133958334355246783e-289,0.000000000000000000e+00,0.000000000000000000e+00,0.000000000000000000e+00,0.000000000000000000e+00,2.493757810263316315e-317,0.000000000000000000e+00,8.355576559531492295e-06,0.000000000000000000e+00,0.000000000000000000e+00,0.000000000000000000e+00,0.000000000000000000e+00,1.185467438676432126e-05,1.994785896739636327e-04,0.000000000000000000e+00,0.000000000000000000e+00
0.000000000000000000e+00,0.000000000000000000e+00,0.000000000000000000e+00,5.965020069152791177e-02,0.000000000000000000e+00,0.000000000000000000e+00,0.000000000000000000e+00,5.136313875593526840e-02,0.000000000000000000e+00,0.000000000000000000e+00,0.000000000000000000e+00,0.000000000000000000e+00,5.245226943001504324e-07,1.786165158774356831e-01,0.000000000000000000e+00,0.000000000000000000e+00,4.439708162416945020e-02,0.000000000000000000e+00,3.889611252753203281e-05,0.000000000000000000e+00,3.382459535860148680e-86,2.446964048888249717e-04,0.000000000000000000e+00,0.000000000000000000e+00,0.000000000000000000e+00,8.167935131716969055e-02,0.000000000000000000e+00,4.635103917894572534e-04,0.000000000000000000e+00,0.000000000000000000e+00,0.000000000000000000e+00,0.000000000000000000e+00,1.219584020447834382e-04,9.901449419177834471e-04,0.000000000000000000e+00,0.000000000000000000e+00,0.000000000000000000e+00,9.361865231223504003e-02,0.000000000000000000e+00,0.000000000000000000e+00,2.341109374933336111e-06,4.270129978769519647e-04,2.943986558733252711e-05,0.000000000000000000e+00,3.960191770815978162e-04,0.000000000000000000e+00,0.000000000000000000e+00,0.000000000000000000e+00,0.000000000000000000e+00,0.000000000000000000e+00,0.000000000000000000e+00,0.000000000000000000e+00,0.000000000000000000e+00,0.000000000000000000e+00,0.000000000000000000e+00,0.000000000000000000e+00,0.000000000000000000e+00,3.060111206089278392e-127,3.484291480683518309e-04,0.000000000000000000e+00,1.712929693184529279e-03,0.000000000000000000e+00,9.790971873327683483e-02,0.000000000000000000e+00,0.000000000000000000e+00,6.441917509731574787e-04,2.760030833577850097e-04,0.000000000000000000e+00,6.678488913035102170e-02,0.000000000000000000e+00,0.000000000000000000e+00,0.000000000000000000e+00,7.936184338259457110e-05,1.246022308407407492e-01,5.558329336534683675e-04,1.935272300776678120e-03,0.000000000000000000e+00,0.000000000000000000e+00,0.000000000000000000e+00,0.000000000000000000e+00,0.000000000000000000e+00,0.000000000000000000e+00,1.129205640427947827e-01,0.000000000000000000e+00,8.335499026758848567e-05,1.395495287470992338e-04,0.000000000000000000e+00,0.000000000000000000e+00,2.414645203064323426e-04,0.000000000000000000e+00,0.000000000000000000e+00,0.000000000000000000e+00,0.000000000000000000e+00,2.524482294816170376e-03,0.000000000000000000e+00,2.178648846625802146e-02,2.839696692101183824e-04,0.000000000000000000e+00,5.513178252557810605e-02,0.000000000000000000e+00
9.747331406481432310e-05,0.000000000000000000e+00,7.492086993507779858e-05,0.000000000000000000e+00,1.088340132360883462e-03,0.000000000000000000e+00,3.649814105595277345e-04,0.000000000000000000e+00,1.558300078363135789e-04,1.199425937445150277e-91,0.000000000000000000e+00,1.270310170040647767e-03,1.258944187613207102e-98,0.000000000000000000e+00,2.084250157955483042e-173,2.335784397218335084e-03,0.000000000000000000e+00,0.000000000000000000e+00,0.000000000000000000e+00,4.173542019618373705e-200,0.000000000000000000e+00,0.000000000000000000e+00,9.459709608382540847e-69,9.944664961472036730e-04,0.000000000000000000e+00,0.000000000000000000e+00,3.576565555902502108e-02,0.000000000000000000e+00,0.000000000000000000e+00,8.988611202670498306e-04,8.835753789176454664e-04,1.345605404471303737e-06,0.000000000000000000e+00,0.000000000000000000e+00,0.000000000000000000e+00,0.000000000000000000e+00,3.151604606339121289e-04,0.000000000000000000e+00,2.815322434307688214e-03,3.537841021638950191e-04,0.000000000000000000e+00,0.000000000000000000e+00,0.000000000000000000e+00,0.000000000000000000e+00,0.000000000000000000e+00,4.752805993593271598e-04,0.000000000000000000e+00,0.000000000000000000e+00,0.000000000000000000e+00,5.443599634902708941e-05,1.136404731523239925e-01,9.957307180393276669e-02,2.760386416999829922e-240,8.242389257688254691e-215,1.273207891263545832e-01,8.362443736945662787e-02,1.353290279754443691e-210,0.000000000000000000e+00,0.000000000000000000e+00,1.443796971404283828e-54,0.000000000000000000e+00,7.274474270598463299e-02,0.000000000000000000e+00,3.671203537176377760e-04,1.781434352025991900e-05,3.144787345152936129e-07,0.000000000000000000e+00,8.144942240989245011e-05,0.000000000000000000e+00,0.000000000000000000e+00,0.000000000000000000e+00,2.533235061652823296e-05,2.732932211273525675e-04,0.000000000000000000e+00,0.000000000000000000e+00,0.000000000000000000e+00,1.896260727401393007e-04,0.000000000000000000e+00,1.465906478277490644e-302,1.003139068160545100e-01,9.991734453511777470e-02,2.562223202114318339e-05,0.000000000000000000e+00,0.000000000000000000e+00,0.000000000000000000e+00,0.000000000000000000e+00,5.967975410955560119e-205,5.489389327375571170e-02,0.000000000000000000e+00,1.167596969068827178e-01,0.000000000000000000e+00,9.210508524105672607e-06,1.820311846288644083e-05,0.000000000000000000e+00,8.106309715656490056e-02,0.000000000000000000e+00,3.483470095321152134e-04,3.042808276468251026e-77,0.000000000000000000e+00,8.466859875743380781e-04
0.000000000000000000e+00,0.000000000000000000e+00,3.179660092092667090e-01,0.000000000000000000e+00,0.000000000000000000e+00,0.000000000000000000e+00,4.264331386226123822e-207,0.000000000000000000e+00,0.000000000000000000e+00,0.000000000000000000e+00,0.000000000000000000e+00,2.271264346988651744e-05,0.000000000000000000e+00,0.000000000000000000e+00,0.000000000000000000e+00,2.060028855105656276e-05,0.000000000000000000e+00,0.000000000000000000e+00,0.000000000000000000e+00,0.000000000000000000e+00,5.297689708022887306e-07,4.118506199802485553e-06,0.000000000000000000e+00,5.129485181930749559e-06,0.000000000000000000e+00,0.000000000000000000e+00,5.287377981577792768e-07,1.405876439577870383e-04,1.799572631513738155e-03,1.638853090403055731e-06,0.000000000000000000e+00,0.000000000000000000e+00,0.000000000000000000e+00,0.000000000000000000e+00,1.480434583335913656e-01,2.655982274021115747e-83,4.060486119919464074e-06,0.000000000000000000e+00,2.001067801135828273e-05,0.000000000000000000e+00,0.000000000000000000e+00,0.000000000000000000e+00,0.000000000000000000e+00,0.000000000000000000e+00,0.000000000000000000e+00,0.000000000000000000e+00,1.461735921956370809e-01,1.254309074890000127e-04,0.000000000000000000e+00,5.892301030686818180e-07,1.061341304158340546e-06,5.838016942863949564e-06,1.170674303389734050e-01,1.157824047127056777e-01,6.412250248165248870e-06,0.000000000000000000e+00,0.000000000000000000e+00,5.445758591397963024e-05,0.000000000000000000e+00,0.000000000000000000e+00,0.000000000000000000e+00,1.008678276271944742e-05,0.000000000000000000e+00,1.833017865654698416e-06,1.520000118698987823e-01,8.553423669663486495e-05,0.000000000000000000e+00,0.000000000000000000e+00,0.000000000000000000e+00,0.000000000000000000e+00,0.000000000000000000e+00,0.000000000000000000e+00,3.645007767361054711e-04,0.000000000000000000e+00,0.000000000000000000e+00,0.000000000000000000e+00,0.000000000000000000e+00,0.000000000000000000e+00,0.000000000000000000e+00,4.091414223802150901e-174,1.899898072204013895e-176,1.596972533713358141e-06,0.000000000000000000e+00,0.000000000000000000e+00,2.899200835577790269e-06,0.000000000000000000e+00,0.000000000000000000e+00,0.000000000000000000e+00,0.000000000000000000e+00,5.511072125820235631e-07,0.000000000000000000e+00,3.511360058748774503e-174,0.000000000000000000e+00,0.000000000000000000e+00,0.000000000000000000e+00,0.000000000000000000e+00,2.539892204702848071e-04,3.282296994780258930e-05,0.000000000000000000e+00,0.000000000000000000e+00
